,Name,ReviewCount,Brand,ImageURL,Rating
1,Cleansing Body Lotion by NatureBliss,830,VivaNaturals,https://example.com/image_1.jpg,4
2,Organic Body Lotion by AuraGlow,86,AuraGlow,https://example.com/image_2.jpg,5
3,Cleansing Conditioner by PureEssence,396,GlowCo,https://example.com/image_3.jpg,1
4,Organic Deodorant by VivaNaturals,599,ZenCare,https://example.com/image_4.jpg,1
5,Nourishing Lip Balm by PureEssence,583,,https://example.com/image_5.jpg,4
6,Brightening Perfume by VivaNaturals,324,FreshCare,https://example.com/image_6.jpg,3
7,Revitalizing Body Lotion by VivaNaturals,594,NatureBliss,https://example.com/image_7.jpg,2
8,Cleansing Body Lotion by NatureBliss,26,ZenCare,https://example.com/image_8.jpg,1
9,Softening Lip Balm by FreshCare,838,GlowCo,https://example.com/image_9.jpg,1
10,Refreshing Sunscreen by PureEssence,704,PureEssence,https://example.com/image_10.jpg,4
11,Moisturizing Lip Balm by RadiantLife,459,PureEssence,https://example.com/image_11.jpg,2
12,Brightening Body Lotion by AuraGlow,351,RadiantLife,https://example.com/image_12.jpg,1
13,Softening Hair Gel by ZenCare,74,GlowCo,https://example.com/image_13.jpg,3
14,Softening Hand Sanitizer by AuraGlow,271,EcoBeauty,https://example.com/image_14.jpg,5
15,Revitalizing Deodorant by GlowCo,527,RadiantLife,https://example.com/image_15.jpg,1
16,Anti-Aging Perfume by FreshCare,52,RadiantLife,https://example.com/image_16.jpg,5
17,Cleansing Conditioner by EcoBeauty,261,,https://example.com/image_17.jpg,1
18,Brightening Body Lotion by FreshCare,524,RadiantLife,https://example.com/image_18.jpg,4
19,Softening Body Lotion by VivaNaturals,721,RadiantLife,https://example.com/image_19.jpg,1
20,Brightening Perfume by PureEssence,633,AuraGlow,https://example.com/image_20.jpg,1
21,Moisturizing Perfume by VivaNaturals,200,SkinLux,https://example.com/image_21.jpg,2
22,Cleansing Lip Balm by NatureBliss,486,PureEssence,https://example.com/image_22.jpg,5
23,Moisturizing Sunscreen by GlowCo,71,GlowCo,https://example.com/image_23.jpg,2
24,Brightening Perfume by PureEssence,374,EcoBeauty,https://example.com/image_24.jpg,1
25,Moisturizing Hair Gel by SkinLux,427,ZenCare,https://example.com/image_25.jpg,5
26,Refreshing Hair Gel by NatureBliss,531,EcoBeauty,https://example.com/image_26.jpg,4
27,Softening Perfume by ZenCare,403,EcoBeauty,https://example.com/image_27.jpg,4
28,Cleansing Deodorant by EcoBeauty,100,PureEssence,https://example.com/image_28.jpg,4
29,Nourishing Deodorant by NatureBliss,792,RadiantLife,https://example.com/image_29.jpg,3
30,Revitalizing Hair Gel by NatureBliss,966,NatureBliss,https://example.com/image_30.jpg,1
31,Hydrating Deodorant by FreshCare,388,AuraGlow,https://example.com/image_31.jpg,2
32,Moisturizing Conditioner by FreshCare,149,ZenCare,https://example.com/image_32.jpg,4
33,Cleansing Conditioner by SkinLux,154,PureEssence,https://example.com/image_33.jpg,1
34,Refreshing Hand Sanitizer by SkinLux,877,GlowCo,https://example.com/image_34.jpg,4
35,Hydrating Shampoo by VivaNaturals,350,EcoBeauty,https://example.com/image_35.jpg,3
36,Organic Face Wash by ZenCare,265,PureEssence,https://example.com/image_36.jpg,1
37,Brightening Hand Sanitizer by FreshCare,90,GlowCo,https://example.com/image_37.jpg,3
38,Revitalizing Deodorant by VivaNaturals,637,GlowCo,https://example.com/image_38.jpg,2
39,Moisturizing Lip Balm by VivaNaturals,331,PureEssence,https://example.com/image_39.jpg,3
40,Organic Perfume by AuraGlow,762,FreshCare,https://example.com/image_40.jpg,3
41,Organic Hand Sanitizer by EcoBeauty,512,GlowCo,https://example.com/image_41.jpg,3
42,Brightening Shampoo by GlowCo,906,FreshCare,https://example.com/image_42.jpg,3
43,Moisturizing Sunscreen by EcoBeauty,477,,https://example.com/image_43.jpg,2
44,Refreshing Deodorant by ZenCare,982,PureEssence,https://example.com/image_44.jpg,4
45,Nourishing Face Wash by EcoBeauty,101,RadiantLife,https://example.com/image_45.jpg,5
46,Moisturizing Hand Sanitizer by RadiantLife,247,PureEssence,https://example.com/image_46.jpg,3
47,Anti-Aging Deodorant by ZenCare,533,FreshCare,https://example.com/image_47.jpg,2
48,Softening Hair Gel by GlowCo,536,ZenCare,https://example.com/image_48.jpg,3
49,Cleansing Lip Balm by VivaNaturals,996,FreshCare,https://example.com/image_49.jpg,3
50,Anti-Aging Shampoo by SkinLux,231,ZenCare,https://example.com/image_50.jpg,2
51,Revitalizing Lip Balm by AuraGlow,847,PureEssence,https://example.com/image_51.jpg,2
52,Revitalizing Hair Gel by GlowCo,88,GlowCo,https://example.com/image_52.jpg,3
53,Softening Hand Sanitizer by ZenCare,655,EcoBeauty,https://example.com/image_53.jpg,2
54,Moisturizing Shampoo by GlowCo,625,GlowCo,https://example.com/image_54.jpg,5
55,Refreshing Perfume by GlowCo,667,VivaNaturals,https://example.com/image_55.jpg,5
56,Brightening Sunscreen by SkinLux,253,NatureBliss,https://example.com/image_56.jpg,2
57,Organic Conditioner by FreshCare,173,VivaNaturals,https://example.com/image_57.jpg,3
58,Moisturizing Lip Balm by FreshCare,410,FreshCare,https://example.com/image_58.jpg,5
59,Nourishing Face Wash by PureEssence,118,PureEssence,https://example.com/image_59.jpg,2
60,Organic Hand Sanitizer by PureEssence,916,AuraGlow,https://example.com/image_60.jpg,4
61,Nourishing Conditioner by EcoBeauty,273,PureEssence,https://example.com/image_61.jpg,5
62,Refreshing Deodorant by PureEssence,206,FreshCare,https://example.com/image_62.jpg,5
63,Moisturizing Sunscreen by SkinLux,60,,https://example.com/image_63.jpg,2
64,Softening Shampoo by AuraGlow,928,VivaNaturals,https://example.com/image_64.jpg,2
65,Brightening Shampoo by AuraGlow,243,,https://example.com/image_65.jpg,3
66,Hydrating Body Lotion by PureEssence,867,RadiantLife,https://example.com/image_66.jpg,2
67,Anti-Aging Perfume by SkinLux,88,SkinLux,https://example.com/image_67.jpg,2
68,Moisturizing Perfume by EcoBeauty,459,RadiantLife,https://example.com/image_68.jpg,5
69,Softening Hand Sanitizer by RadiantLife,360,PureEssence,https://example.com/image_69.jpg,2
70,Revitalizing Conditioner by SkinLux,548,FreshCare,https://example.com/image_70.jpg,3
71,Cleansing Body Lotion by GlowCo,727,VivaNaturals,https://example.com/image_71.jpg,2
72,Cleansing Body Lotion by FreshCare,935,GlowCo,https://example.com/image_72.jpg,5
73,Softening Face Wash by FreshCare,595,EcoBeauty,https://example.com/image_73.jpg,2
74,Revitalizing Hair Gel by AuraGlow,128,VivaNaturals,https://example.com/image_74.jpg,2
75,Hydrating Conditioner by FreshCare,236,NatureBliss,https://example.com/image_75.jpg,1
76,Anti-Aging Face Wash by ZenCare,355,GlowCo,https://example.com/image_76.jpg,5
77,Nourishing Lip Balm by RadiantLife,335,NatureBliss,https://example.com/image_77.jpg,4
78,Nourishing Perfume by ZenCare,353,PureEssence,https://example.com/image_78.jpg,1
79,Nourishing Face Wash by ZenCare,23,ZenCare,https://example.com/image_79.jpg,2
80,Refreshing Sunscreen by AuraGlow,227,NatureBliss,https://example.com/image_80.jpg,1
81,Cleansing Conditioner by AuraGlow,94,EcoBeauty,https://example.com/image_81.jpg,4
82,Moisturizing Shampoo by SkinLux,97,RadiantLife,https://example.com/image_82.jpg,1
83,Organic Sunscreen by PureEssence,577,RadiantLife,https://example.com/image_83.jpg,4
84,Anti-Aging Perfume by GlowCo,639,VivaNaturals,https://example.com/image_84.jpg,3
85,Moisturizing Hand Sanitizer by SkinLux,852,VivaNaturals,https://example.com/image_85.jpg,5
86,Cleansing Lip Balm by AuraGlow,282,,https://example.com/image_86.jpg,1
87,Refreshing Hair Gel by NatureBliss,670,ZenCare,https://example.com/image_87.jpg,2
88,Moisturizing Lip Balm by SkinLux,655,FreshCare,https://example.com/image_88.jpg,2
89,Refreshing Face Wash by AuraGlow,516,VivaNaturals,https://example.com/image_89.jpg,5
90,Nourishing Hand Sanitizer by EcoBeauty,683,RadiantLife,https://example.com/image_90.jpg,3
91,Moisturizing Deodorant by VivaNaturals,430,GlowCo,https://example.com/image_91.jpg,5
92,Revitalizing Body Lotion by PureEssence,348,EcoBeauty,https://example.com/image_92.jpg,3
93,Revitalizing Deodorant by SkinLux,707,AuraGlow,https://example.com/image_93.jpg,5
94,Brightening Hair Gel by AuraGlow,86,AuraGlow,https://example.com/image_94.jpg,5
95,Revitalizing Hand Sanitizer by NatureBliss,188,FreshCare,https://example.com/image_95.jpg,3
96,Cleansing Lip Balm by SkinLux,863,SkinLux,https://example.com/image_96.jpg,2
97,Revitalizing Perfume by AuraGlow,458,GlowCo,https://example.com/image_97.jpg,5
98,Organic Perfume by NatureBliss,693,,https://example.com/image_98.jpg,4
99,Organic Shampoo by VivaNaturals,597,,https://example.com/image_99.jpg,2
100,Organic Lip Balm by PureEssence,829,,https://example.com/image_100.jpg,5
101,Revitalizing Hand Sanitizer by PureEssence,526,RadiantLife,https://example.com/image_101.jpg,1
102,Revitalizing Body Lotion by VivaNaturals,309,RadiantLife,https://example.com/image_102.jpg,1
103,Organic Body Lotion by GlowCo,910,NatureBliss,https://example.com/image_103.jpg,2
104,Revitalizing Lip Balm by GlowCo,923,SkinLux,https://example.com/image_104.jpg,1
105,Refreshing Body Lotion by EcoBeauty,123,GlowCo,https://example.com/image_105.jpg,4
106,Hydrating Shampoo by EcoBeauty,812,FreshCare,https://example.com/image_106.jpg,2
107,Revitalizing Conditioner by AuraGlow,965,EcoBeauty,https://example.com/image_107.jpg,4
108,Hydrating Sunscreen by ZenCare,577,ZenCare,https://example.com/image_108.jpg,4
109,Brightening Conditioner by RadiantLife,100,VivaNaturals,https://example.com/image_109.jpg,5
110,Cleansing Sunscreen by VivaNaturals,567,FreshCare,https://example.com/image_110.jpg,2
111,Revitalizing Lip Balm by GlowCo,214,AuraGlow,https://example.com/image_111.jpg,4
112,Softening Hair Gel by RadiantLife,453,AuraGlow,https://example.com/image_112.jpg,2
113,Anti-Aging Lip Balm by GlowCo,146,FreshCare,https://example.com/image_113.jpg,1
114,Organic Sunscreen by AuraGlow,797,VivaNaturals,https://example.com/image_114.jpg,3
115,Hydrating Hair Gel by AuraGlow,382,NatureBliss,https://example.com/image_115.jpg,5
116,Brightening Lip Balm by RadiantLife,827,FreshCare,https://example.com/image_116.jpg,1
117,Moisturizing Shampoo by NatureBliss,163,,https://example.com/image_117.jpg,5
118,Refreshing Body Lotion by ZenCare,726,FreshCare,https://example.com/image_118.jpg,3
119,Revitalizing Hand Sanitizer by GlowCo,695,,https://example.com/image_119.jpg,2
120,Softening Lip Balm by FreshCare,863,,https://example.com/image_120.jpg,4
121,Organic Sunscreen by NatureBliss,696,ZenCare,https://example.com/image_121.jpg,2
122,Brightening Hair Gel by NatureBliss,139,RadiantLife,https://example.com/image_122.jpg,5
123,Hydrating Face Wash by FreshCare,997,RadiantLife,https://example.com/image_123.jpg,3
124,Brightening Shampoo by VivaNaturals,751,VivaNaturals,https://example.com/image_124.jpg,5
125,Refreshing Face Wash by AuraGlow,576,RadiantLife,https://example.com/image_125.jpg,1
126,Nourishing Conditioner by SkinLux,144,,https://example.com/image_126.jpg,2
127,Moisturizing Lip Balm by RadiantLife,234,ZenCare,https://example.com/image_127.jpg,4
128,Brightening Sunscreen by EcoBeauty,507,RadiantLife,https://example.com/image_128.jpg,1
129,Revitalizing Lip Balm by VivaNaturals,785,GlowCo,https://example.com/image_129.jpg,1
130,Nourishing Hand Sanitizer by NatureBliss,454,VivaNaturals,https://example.com/image_130.jpg,1
131,Brightening Perfume by SkinLux,571,NatureBliss,https://example.com/image_131.jpg,4
132,Revitalizing Face Wash by RadiantLife,764,PureEssence,https://example.com/image_132.jpg,5
133,Moisturizing Body Lotion by NatureBliss,790,PureEssence,https://example.com/image_133.jpg,5
134,Brightening Hand Sanitizer by ZenCare,185,SkinLux,https://example.com/image_134.jpg,1
135,Refreshing Perfume by PureEssence,833,VivaNaturals,https://example.com/image_135.jpg,1
136,Softening Body Lotion by RadiantLife,705,RadiantLife,https://example.com/image_136.jpg,5
137,Cleansing Face Wash by AuraGlow,788,ZenCare,https://example.com/image_137.jpg,5
138,Moisturizing Shampoo by GlowCo,779,RadiantLife,https://example.com/image_138.jpg,2
139,Softening Face Wash by EcoBeauty,672,ZenCare,https://example.com/image_139.jpg,4
140,Softening Shampoo by PureEssence,809,,https://example.com/image_140.jpg,1
141,Hydrating Body Lotion by VivaNaturals,586,PureEssence,https://example.com/image_141.jpg,2
142,Anti-Aging Deodorant by EcoBeauty,601,RadiantLife,https://example.com/image_142.jpg,2
143,Nourishing Body Lotion by AuraGlow,471,EcoBeauty,https://example.com/image_143.jpg,5
144,Revitalizing Conditioner by AuraGlow,10,SkinLux,https://example.com/image_144.jpg,5
145,Softening Face Wash by PureEssence,60,NatureBliss,https://example.com/image_145.jpg,4
146,Revitalizing Face Wash by GlowCo,374,NatureBliss,https://example.com/image_146.jpg,5
147,Softening Sunscreen by VivaNaturals,963,,https://example.com/image_147.jpg,1
148,Brightening Lip Balm by PureEssence,923,NatureBliss,https://example.com/image_148.jpg,4
149,Refreshing Body Lotion by EcoBeauty,15,ZenCare,https://example.com/image_149.jpg,5
150,Softening Body Lotion by PureEssence,414,PureEssence,https://example.com/image_150.jpg,4
151,Organic Deodorant by SkinLux,260,RadiantLife,https://example.com/image_151.jpg,5
152,Refreshing Perfume by EcoBeauty,196,EcoBeauty,https://example.com/image_152.jpg,4
153,Hydrating Hair Gel by SkinLux,635,ZenCare,https://example.com/image_153.jpg,4
154,Nourishing Shampoo by FreshCare,719,SkinLux,https://example.com/image_154.jpg,1
155,Hydrating Face Wash by FreshCare,125,,https://example.com/image_155.jpg,5
156,Cleansing Sunscreen by FreshCare,836,VivaNaturals,https://example.com/image_156.jpg,2
157,Nourishing Hair Gel by AuraGlow,65,NatureBliss,https://example.com/image_157.jpg,4
158,Organic Deodorant by EcoBeauty,345,PureEssence,https://example.com/image_158.jpg,4
159,Cleansing Perfume by PureEssence,828,VivaNaturals,https://example.com/image_159.jpg,1
160,Refreshing Conditioner by FreshCare,134,EcoBeauty,https://example.com/image_160.jpg,5
161,Organic Shampoo by GlowCo,91,SkinLux,https://example.com/image_161.jpg,5
162,Revitalizing Perfume by EcoBeauty,925,PureEssence,https://example.com/image_162.jpg,2
163,Organic Shampoo by ZenCare,708,ZenCare,https://example.com/image_163.jpg,4
164,Hydrating Body Lotion by GlowCo,163,RadiantLife,https://example.com/image_164.jpg,3
165,Brightening Body Lotion by GlowCo,294,SkinLux,https://example.com/image_165.jpg,2
166,Hydrating Deodorant by FreshCare,759,SkinLux,https://example.com/image_166.jpg,2
167,Refreshing Hair Gel by ZenCare,492,FreshCare,https://example.com/image_167.jpg,2
168,Moisturizing Face Wash by AuraGlow,260,EcoBeauty,https://example.com/image_168.jpg,2
169,Nourishing Body Lotion by GlowCo,445,FreshCare,https://example.com/image_169.jpg,2
170,Cleansing Shampoo by GlowCo,120,AuraGlow,https://example.com/image_170.jpg,5
171,Softening Hair Gel by GlowCo,269,EcoBeauty,https://example.com/image_171.jpg,1
172,Organic Face Wash by RadiantLife,528,NatureBliss,https://example.com/image_172.jpg,1
173,Revitalizing Hand Sanitizer by FreshCare,204,FreshCare,https://example.com/image_173.jpg,3
174,Softening Shampoo by AuraGlow,170,SkinLux,https://example.com/image_174.jpg,1
175,Refreshing Hair Gel by RadiantLife,872,EcoBeauty,https://example.com/image_175.jpg,1
176,Moisturizing Lip Balm by AuraGlow,546,FreshCare,https://example.com/image_176.jpg,1
177,Brightening Perfume by EcoBeauty,721,FreshCare,https://example.com/image_177.jpg,3
178,Revitalizing Face Wash by RadiantLife,815,AuraGlow,https://example.com/image_178.jpg,3
179,Hydrating Perfume by GlowCo,577,EcoBeauty,https://example.com/image_179.jpg,5
180,Softening Sunscreen by FreshCare,601,FreshCare,https://example.com/image_180.jpg,5
181,Hydrating Perfume by VivaNaturals,517,RadiantLife,https://example.com/image_181.jpg,3
182,Nourishing Body Lotion by SkinLux,328,RadiantLife,https://example.com/image_182.jpg,4
183,Anti-Aging Deodorant by ZenCare,910,NatureBliss,https://example.com/image_183.jpg,5
184,Refreshing Body Lotion by NatureBliss,689,AuraGlow,https://example.com/image_184.jpg,3
185,Nourishing Deodorant by EcoBeauty,197,SkinLux,https://example.com/image_185.jpg,3
186,Hydrating Deodorant by SkinLux,555,AuraGlow,https://example.com/image_186.jpg,4
187,Revitalizing Deodorant by VivaNaturals,49,AuraGlow,https://example.com/image_187.jpg,2
188,Moisturizing Face Wash by AuraGlow,93,PureEssence,https://example.com/image_188.jpg,3
189,Nourishing Lip Balm by AuraGlow,875,,https://example.com/image_189.jpg,2
190,Refreshing Hair Gel by NatureBliss,418,,https://example.com/image_190.jpg,3
191,Brightening Perfume by RadiantLife,25,RadiantLife,https://example.com/image_191.jpg,1
192,Nourishing Hand Sanitizer by AuraGlow,258,EcoBeauty,https://example.com/image_192.jpg,3
193,Moisturizing Hand Sanitizer by ZenCare,564,,https://example.com/image_193.jpg,2
194,Organic Body Lotion by FreshCare,619,FreshCare,https://example.com/image_194.jpg,4
195,Refreshing Face Wash by PureEssence,164,NatureBliss,https://example.com/image_195.jpg,4
196,Anti-Aging Deodorant by PureEssence,273,ZenCare,https://example.com/image_196.jpg,1
197,Softening Sunscreen by GlowCo,616,GlowCo,https://example.com/image_197.jpg,4
198,Organic Hand Sanitizer by EcoBeauty,254,NatureBliss,https://example.com/image_198.jpg,4
199,Hydrating Conditioner by NatureBliss,172,EcoBeauty,https://example.com/image_199.jpg,3
200,Softening Hand Sanitizer by PureEssence,640,SkinLux,https://example.com/image_200.jpg,2
201,Cleansing Hand Sanitizer by SkinLux,115,NatureBliss,https://example.com/image_201.jpg,5
202,Brightening Sunscreen by EcoBeauty,245,EcoBeauty,https://example.com/image_202.jpg,2
203,Brightening Hair Gel by ZenCare,384,NatureBliss,https://example.com/image_203.jpg,2
204,Brightening Perfume by AuraGlow,530,NatureBliss,https://example.com/image_204.jpg,2
205,Organic Deodorant by EcoBeauty,771,,https://example.com/image_205.jpg,3
206,Cleansing Perfume by SkinLux,158,GlowCo,https://example.com/image_206.jpg,4
207,Organic Perfume by RadiantLife,449,,https://example.com/image_207.jpg,4
208,Organic Sunscreen by EcoBeauty,17,RadiantLife,https://example.com/image_208.jpg,5
209,Hydrating Shampoo by VivaNaturals,783,EcoBeauty,https://example.com/image_209.jpg,3
210,Anti-Aging Perfume by SkinLux,844,,https://example.com/image_210.jpg,1
211,Softening Face Wash by GlowCo,626,SkinLux,https://example.com/image_211.jpg,3
212,Nourishing Shampoo by VivaNaturals,403,AuraGlow,https://example.com/image_212.jpg,4
213,Brightening Deodorant by VivaNaturals,206,FreshCare,https://example.com/image_213.jpg,2
214,Moisturizing Body Lotion by GlowCo,362,NatureBliss,https://example.com/image_214.jpg,5
215,Softening Conditioner by FreshCare,428,GlowCo,https://example.com/image_215.jpg,3
216,Organic Hand Sanitizer by RadiantLife,197,SkinLux,https://example.com/image_216.jpg,5
217,Softening Lip Balm by AuraGlow,769,RadiantLife,https://example.com/image_217.jpg,5
218,Softening Hair Gel by FreshCare,616,NatureBliss,https://example.com/image_218.jpg,4
219,Revitalizing Shampoo by GlowCo,297,GlowCo,https://example.com/image_219.jpg,1
220,Softening Hair Gel by GlowCo,216,FreshCare,https://example.com/image_220.jpg,2
221,Cleansing Body Lotion by FreshCare,12,,https://example.com/image_221.jpg,2
222,Anti-Aging Perfume by VivaNaturals,994,EcoBeauty,https://example.com/image_222.jpg,1
223,Cleansing Conditioner by SkinLux,283,SkinLux,https://example.com/image_223.jpg,5
224,Softening Hand Sanitizer by RadiantLife,253,,https://example.com/image_224.jpg,1
225,Hydrating Deodorant by RadiantLife,305,PureEssence,https://example.com/image_225.jpg,3
226,Refreshing Lip Balm by PureEssence,550,PureEssence,https://example.com/image_226.jpg,5
227,Organic Perfume by RadiantLife,911,VivaNaturals,https://example.com/image_227.jpg,4
228,Organic Perfume by AuraGlow,879,PureEssence,https://example.com/image_228.jpg,5
229,Organic Hair Gel by AuraGlow,179,NatureBliss,https://example.com/image_229.jpg,1
230,Revitalizing Shampoo by RadiantLife,457,,https://example.com/image_230.jpg,3
231,Hydrating Shampoo by FreshCare,960,RadiantLife,https://example.com/image_231.jpg,3
232,Nourishing Face Wash by SkinLux,240,FreshCare,https://example.com/image_232.jpg,4
233,Softening Perfume by ZenCare,787,GlowCo,https://example.com/image_233.jpg,3
234,Revitalizing Body Lotion by ZenCare,976,NatureBliss,https://example.com/image_234.jpg,3
235,Refreshing Perfume by VivaNaturals,341,EcoBeauty,https://example.com/image_235.jpg,1
236,Brightening Shampoo by EcoBeauty,188,SkinLux,https://example.com/image_236.jpg,1
237,Organic Body Lotion by PureEssence,334,FreshCare,https://example.com/image_237.jpg,3
238,Brightening Hand Sanitizer by PureEssence,509,SkinLux,https://example.com/image_238.jpg,5
239,Revitalizing Hand Sanitizer by AuraGlow,909,GlowCo,https://example.com/image_239.jpg,3
240,Brightening Shampoo by ZenCare,534,AuraGlow,https://example.com/image_240.jpg,4
241,Revitalizing Perfume by PureEssence,612,ZenCare,https://example.com/image_241.jpg,2
242,Refreshing Perfume by ZenCare,646,ZenCare,https://example.com/image_242.jpg,5
243,Hydrating Conditioner by AuraGlow,852,AuraGlow,https://example.com/image_243.jpg,3
244,Refreshing Deodorant by ZenCare,560,GlowCo,https://example.com/image_244.jpg,3
245,Nourishing Lip Balm by AuraGlow,424,SkinLux,https://example.com/image_245.jpg,3
246,Softening Face Wash by NatureBliss,396,VivaNaturals,https://example.com/image_246.jpg,3
247,Revitalizing Hair Gel by FreshCare,531,NatureBliss,https://example.com/image_247.jpg,2
248,Anti-Aging Hair Gel by GlowCo,477,VivaNaturals,https://example.com/image_248.jpg,3
249,Hydrating Face Wash by GlowCo,84,FreshCare,https://example.com/image_249.jpg,2
250,Anti-Aging Perfume by PureEssence,449,EcoBeauty,https://example.com/image_250.jpg,1
251,Anti-Aging Shampoo by SkinLux,345,EcoBeauty,https://example.com/image_251.jpg,4
252,Brightening Deodorant by NatureBliss,749,PureEssence,https://example.com/image_252.jpg,3
253,Brightening Body Lotion by GlowCo,441,EcoBeauty,https://example.com/image_253.jpg,1
254,Moisturizing Hand Sanitizer by ZenCare,905,EcoBeauty,https://example.com/image_254.jpg,4
255,Organic Conditioner by RadiantLife,374,AuraGlow,https://example.com/image_255.jpg,5
256,Hydrating Body Lotion by GlowCo,795,NatureBliss,https://example.com/image_256.jpg,4
257,Anti-Aging Perfume by FreshCare,695,PureEssence,https://example.com/image_257.jpg,3
258,Nourishing Hair Gel by ZenCare,745,SkinLux,https://example.com/image_258.jpg,3
259,Organic Hand Sanitizer by VivaNaturals,278,EcoBeauty,https://example.com/image_259.jpg,4
260,Softening Shampoo by VivaNaturals,884,EcoBeauty,https://example.com/image_260.jpg,3
261,Cleansing Shampoo by RadiantLife,158,ZenCare,https://example.com/image_261.jpg,1
262,Nourishing Deodorant by NatureBliss,959,FreshCare,https://example.com/image_262.jpg,2
263,Anti-Aging Hand Sanitizer by NatureBliss,928,,https://example.com/image_263.jpg,1
264,Brightening Lip Balm by GlowCo,459,RadiantLife,https://example.com/image_264.jpg,4
265,Organic Hand Sanitizer by PureEssence,224,FreshCare,https://example.com/image_265.jpg,2
266,Softening Conditioner by ZenCare,215,EcoBeauty,https://example.com/image_266.jpg,5
267,Refreshing Shampoo by VivaNaturals,715,GlowCo,https://example.com/image_267.jpg,1
268,Brightening Body Lotion by RadiantLife,879,AuraGlow,https://example.com/image_268.jpg,4
269,Anti-Aging Sunscreen by GlowCo,810,PureEssence,https://example.com/image_269.jpg,5
270,Softening Sunscreen by PureEssence,134,SkinLux,https://example.com/image_270.jpg,4
271,Moisturizing Shampoo by VivaNaturals,643,ZenCare,https://example.com/image_271.jpg,3
272,Anti-Aging Body Lotion by FreshCare,176,PureEssence,https://example.com/image_272.jpg,1
273,Organic Face Wash by PureEssence,63,FreshCare,https://example.com/image_273.jpg,4
274,Refreshing Hand Sanitizer by GlowCo,10,NatureBliss,https://example.com/image_274.jpg,1
275,Cleansing Face Wash by VivaNaturals,367,ZenCare,https://example.com/image_275.jpg,5
276,Cleansing Shampoo by FreshCare,136,,https://example.com/image_276.jpg,3
277,Organic Shampoo by SkinLux,588,FreshCare,https://example.com/image_277.jpg,3
278,Hydrating Hand Sanitizer by ZenCare,219,GlowCo,https://example.com/image_278.jpg,4
279,Anti-Aging Face Wash by ZenCare,141,FreshCare,https://example.com/image_279.jpg,1
280,Brightening Deodorant by PureEssence,435,RadiantLife,https://example.com/image_280.jpg,2
281,Hydrating Face Wash by VivaNaturals,20,SkinLux,https://example.com/image_281.jpg,3
282,Nourishing Lip Balm by GlowCo,433,ZenCare,https://example.com/image_282.jpg,3
283,Hydrating Hand Sanitizer by GlowCo,800,EcoBeauty,https://example.com/image_283.jpg,3
284,Revitalizing Body Lotion by RadiantLife,213,RadiantLife,https://example.com/image_284.jpg,2
285,Brightening Shampoo by EcoBeauty,103,NatureBliss,https://example.com/image_285.jpg,1
286,Nourishing Perfume by RadiantLife,197,SkinLux,https://example.com/image_286.jpg,5
287,Moisturizing Sunscreen by GlowCo,775,FreshCare,https://example.com/image_287.jpg,5
288,Refreshing Sunscreen by PureEssence,5,SkinLux,https://example.com/image_288.jpg,4
289,Revitalizing Body Lotion by RadiantLife,512,EcoBeauty,https://example.com/image_289.jpg,3
290,Cleansing Body Lotion by ZenCare,103,PureEssence,https://example.com/image_290.jpg,5
291,Revitalizing Body Lotion by VivaNaturals,205,ZenCare,https://example.com/image_291.jpg,2
292,Refreshing Shampoo by ZenCare,363,VivaNaturals,https://example.com/image_292.jpg,4
293,Revitalizing Hair Gel by RadiantLife,552,SkinLux,https://example.com/image_293.jpg,1
294,Hydrating Conditioner by FreshCare,378,AuraGlow,https://example.com/image_294.jpg,3
295,Revitalizing Perfume by VivaNaturals,223,RadiantLife,https://example.com/image_295.jpg,5
296,Moisturizing Perfume by PureEssence,64,AuraGlow,https://example.com/image_296.jpg,2
297,Revitalizing Sunscreen by FreshCare,601,GlowCo,https://example.com/image_297.jpg,4
298,Cleansing Shampoo by ZenCare,405,NatureBliss,https://example.com/image_298.jpg,5
299,Revitalizing Deodorant by FreshCare,748,NatureBliss,https://example.com/image_299.jpg,5
300,Softening Body Lotion by NatureBliss,791,RadiantLife,https://example.com/image_300.jpg,4
301,Hydrating Body Lotion by NatureBliss,165,ZenCare,https://example.com/image_301.jpg,1
302,Nourishing Conditioner by AuraGlow,531,GlowCo,https://example.com/image_302.jpg,4
303,Nourishing Lip Balm by RadiantLife,342,NatureBliss,https://example.com/image_303.jpg,1
304,Cleansing Body Lotion by NatureBliss,732,FreshCare,https://example.com/image_304.jpg,5
305,Revitalizing Deodorant by GlowCo,24,SkinLux,https://example.com/image_305.jpg,2
306,Hydrating Lip Balm by RadiantLife,146,FreshCare,https://example.com/image_306.jpg,1
307,Cleansing Hair Gel by RadiantLife,378,PureEssence,https://example.com/image_307.jpg,3
308,Moisturizing Perfume by ZenCare,39,PureEssence,https://example.com/image_308.jpg,3
309,Nourishing Lip Balm by EcoBeauty,144,NatureBliss,https://example.com/image_309.jpg,4
310,Softening Hair Gel by PureEssence,409,SkinLux,https://example.com/image_310.jpg,3
311,Organic Hand Sanitizer by AuraGlow,528,ZenCare,https://example.com/image_311.jpg,4
312,Softening Face Wash by ZenCare,420,AuraGlow,https://example.com/image_312.jpg,4
313,Organic Lip Balm by PureEssence,451,PureEssence,https://example.com/image_313.jpg,1
314,Moisturizing Lip Balm by RadiantLife,834,PureEssence,https://example.com/image_314.jpg,3
315,Revitalizing Shampoo by ZenCare,154,AuraGlow,https://example.com/image_315.jpg,4
316,Nourishing Hair Gel by AuraGlow,576,GlowCo,https://example.com/image_316.jpg,2
317,Softening Hand Sanitizer by NatureBliss,153,ZenCare,https://example.com/image_317.jpg,4
318,Brightening Deodorant by ZenCare,698,NatureBliss,https://example.com/image_318.jpg,1
319,Cleansing Sunscreen by NatureBliss,431,SkinLux,https://example.com/image_319.jpg,2
320,Hydrating Deodorant by FreshCare,324,RadiantLife,https://example.com/image_320.jpg,4
321,Cleansing Hand Sanitizer by GlowCo,971,PureEssence,https://example.com/image_321.jpg,4
322,Nourishing Conditioner by AuraGlow,925,GlowCo,https://example.com/image_322.jpg,5
323,Brightening Lip Balm by GlowCo,310,NatureBliss,https://example.com/image_323.jpg,1
324,Hydrating Face Wash by GlowCo,85,PureEssence,https://example.com/image_324.jpg,4
325,Anti-Aging Hand Sanitizer by AuraGlow,307,PureEssence,https://example.com/image_325.jpg,2
326,Revitalizing Hair Gel by PureEssence,514,ZenCare,https://example.com/image_326.jpg,4
327,Refreshing Sunscreen by AuraGlow,149,EcoBeauty,https://example.com/image_327.jpg,1
328,Softening Hair Gel by NatureBliss,653,VivaNaturals,https://example.com/image_328.jpg,2
329,Brightening Hair Gel by NatureBliss,102,AuraGlow,https://example.com/image_329.jpg,1
330,Softening Body Lotion by PureEssence,400,VivaNaturals,https://example.com/image_330.jpg,1
331,Hydrating Perfume by AuraGlow,407,PureEssence,https://example.com/image_331.jpg,3
332,Anti-Aging Deodorant by ZenCare,777,AuraGlow,https://example.com/image_332.jpg,2
333,Cleansing Body Lotion by FreshCare,658,GlowCo,https://example.com/image_333.jpg,1
334,Organic Face Wash by NatureBliss,303,EcoBeauty,https://example.com/image_334.jpg,1
335,Revitalizing Perfume by GlowCo,859,PureEssence,https://example.com/image_335.jpg,3
336,Brightening Shampoo by FreshCare,522,EcoBeauty,https://example.com/image_336.jpg,3
337,Revitalizing Shampoo by ZenCare,362,EcoBeauty,https://example.com/image_337.jpg,1
338,Nourishing Hand Sanitizer by VivaNaturals,217,RadiantLife,https://example.com/image_338.jpg,1
339,Hydrating Perfume by EcoBeauty,335,RadiantLife,https://example.com/image_339.jpg,2
340,Hydrating Sunscreen by ZenCare,660,ZenCare,https://example.com/image_340.jpg,3
341,Hydrating Hair Gel by FreshCare,289,NatureBliss,https://example.com/image_341.jpg,3
342,Moisturizing Perfume by ZenCare,857,VivaNaturals,https://example.com/image_342.jpg,2
343,Moisturizing Deodorant by RadiantLife,696,EcoBeauty,https://example.com/image_343.jpg,4
344,Brightening Hand Sanitizer by SkinLux,577,ZenCare,https://example.com/image_344.jpg,3
345,Refreshing Hand Sanitizer by SkinLux,275,SkinLux,https://example.com/image_345.jpg,3
346,Refreshing Hand Sanitizer by PureEssence,694,PureEssence,https://example.com/image_346.jpg,2
347,Refreshing Hand Sanitizer by ZenCare,822,SkinLux,https://example.com/image_347.jpg,1
348,Revitalizing Shampoo by VivaNaturals,23,RadiantLife,https://example.com/image_348.jpg,5
349,Anti-Aging Sunscreen by PureEssence,704,AuraGlow,https://example.com/image_349.jpg,2
350,Softening Hand Sanitizer by PureEssence,808,VivaNaturals,https://example.com/image_350.jpg,2
351,Cleansing Deodorant by NatureBliss,434,ZenCare,https://example.com/image_351.jpg,3
352,Softening Shampoo by AuraGlow,812,FreshCare,https://example.com/image_352.jpg,2
353,Anti-Aging Conditioner by ZenCare,74,ZenCare,https://example.com/image_353.jpg,5
354,Nourishing Conditioner by PureEssence,288,PureEssence,https://example.com/image_354.jpg,3
355,Nourishing Conditioner by EcoBeauty,910,PureEssence,https://example.com/image_355.jpg,1
356,Organic Hand Sanitizer by FreshCare,752,AuraGlow,https://example.com/image_356.jpg,5
357,Moisturizing Perfume by ZenCare,521,VivaNaturals,https://example.com/image_357.jpg,1
358,Brightening Sunscreen by GlowCo,180,PureEssence,https://example.com/image_358.jpg,2
359,Hydrating Hair Gel by SkinLux,776,FreshCare,https://example.com/image_359.jpg,2
360,Cleansing Deodorant by RadiantLife,326,AuraGlow,https://example.com/image_360.jpg,3
361,Revitalizing Body Lotion by PureEssence,704,ZenCare,https://example.com/image_361.jpg,1
362,Anti-Aging Conditioner by SkinLux,178,AuraGlow,https://example.com/image_362.jpg,2
363,Revitalizing Perfume by RadiantLife,821,GlowCo,https://example.com/image_363.jpg,1
364,Softening Body Lotion by AuraGlow,336,VivaNaturals,https://example.com/image_364.jpg,3
365,Hydrating Lip Balm by NatureBliss,99,GlowCo,https://example.com/image_365.jpg,3
366,Moisturizing Sunscreen by FreshCare,261,PureEssence,https://example.com/image_366.jpg,3
367,Hydrating Perfume by VivaNaturals,805,VivaNaturals,https://example.com/image_367.jpg,2
368,Brightening Deodorant by ZenCare,345,AuraGlow,https://example.com/image_368.jpg,1
369,Brightening Shampoo by NatureBliss,811,EcoBeauty,https://example.com/image_369.jpg,1
370,Refreshing Body Lotion by ZenCare,504,VivaNaturals,https://example.com/image_370.jpg,1
371,Anti-Aging Body Lotion by NatureBliss,908,SkinLux,https://example.com/image_371.jpg,3
372,Revitalizing Perfume by PureEssence,799,RadiantLife,https://example.com/image_372.jpg,1
373,Hydrating Conditioner by FreshCare,576,NatureBliss,https://example.com/image_373.jpg,3
374,Hydrating Lip Balm by ZenCare,244,PureEssence,https://example.com/image_374.jpg,3
375,Organic Deodorant by VivaNaturals,540,GlowCo,https://example.com/image_375.jpg,5
376,Hydrating Hair Gel by EcoBeauty,990,ZenCare,https://example.com/image_376.jpg,2
377,Refreshing Body Lotion by RadiantLife,187,AuraGlow,https://example.com/image_377.jpg,5
378,Nourishing Deodorant by AuraGlow,408,GlowCo,https://example.com/image_378.jpg,1
379,Revitalizing Hair Gel by ZenCare,444,EcoBeauty,https://example.com/image_379.jpg,3
380,Moisturizing Body Lotion by EcoBeauty,710,NatureBliss,https://example.com/image_380.jpg,2
381,Refreshing Face Wash by NatureBliss,500,GlowCo,https://example.com/image_381.jpg,1
382,Hydrating Shampoo by PureEssence,285,ZenCare,https://example.com/image_382.jpg,2
383,Anti-Aging Body Lotion by NatureBliss,498,NatureBliss,https://example.com/image_383.jpg,3
384,Softening Hand Sanitizer by FreshCare,68,VivaNaturals,https://example.com/image_384.jpg,1
385,Moisturizing Lip Balm by NatureBliss,927,GlowCo,https://example.com/image_385.jpg,2
386,Hydrating Hair Gel by SkinLux,5,NatureBliss,https://example.com/image_386.jpg,2
387,Refreshing Shampoo by NatureBliss,309,PureEssence,https://example.com/image_387.jpg,3
388,Brightening Hair Gel by SkinLux,942,ZenCare,https://example.com/image_388.jpg,3
389,Cleansing Lip Balm by FreshCare,174,ZenCare,https://example.com/image_389.jpg,5
390,Refreshing Hand Sanitizer by ZenCare,578,,https://example.com/image_390.jpg,2
391,Refreshing Sunscreen by RadiantLife,180,VivaNaturals,https://example.com/image_391.jpg,4
392,Anti-Aging Hand Sanitizer by ZenCare,519,,https://example.com/image_392.jpg,5
393,Moisturizing Conditioner by RadiantLife,750,VivaNaturals,https://example.com/image_393.jpg,2
394,Anti-Aging Conditioner by RadiantLife,860,ZenCare,https://example.com/image_394.jpg,3
395,Moisturizing Hair Gel by ZenCare,945,FreshCare,https://example.com/image_395.jpg,3
396,Organic Sunscreen by SkinLux,250,ZenCare,https://example.com/image_396.jpg,4
397,Refreshing Face Wash by GlowCo,292,PureEssence,https://example.com/image_397.jpg,4
398,Nourishing Lip Balm by NatureBliss,44,FreshCare,https://example.com/image_398.jpg,4
399,Refreshing Hair Gel by PureEssence,508,NatureBliss,https://example.com/image_399.jpg,1
400,Softening Shampoo by RadiantLife,174,EcoBeauty,https://example.com/image_400.jpg,3
401,Nourishing Face Wash by PureEssence,609,RadiantLife,https://example.com/image_401.jpg,4
402,Cleansing Lip Balm by SkinLux,748,FreshCare,https://example.com/image_402.jpg,5
403,Brightening Lip Balm by AuraGlow,967,,https://example.com/image_403.jpg,5
404,Nourishing Body Lotion by PureEssence,423,ZenCare,https://example.com/image_404.jpg,3
405,Hydrating Hair Gel by PureEssence,510,SkinLux,https://example.com/image_405.jpg,5
406,Revitalizing Perfume by ZenCare,119,ZenCare,https://example.com/image_406.jpg,5
407,Moisturizing Perfume by GlowCo,223,VivaNaturals,https://example.com/image_407.jpg,3
408,Organic Face Wash by RadiantLife,325,RadiantLife,https://example.com/image_408.jpg,1
409,Organic Shampoo by SkinLux,371,RadiantLife,https://example.com/image_409.jpg,3
410,Organic Deodorant by ZenCare,409,AuraGlow,https://example.com/image_410.jpg,3
411,Cleansing Hand Sanitizer by EcoBeauty,219,AuraGlow,https://example.com/image_411.jpg,2
412,Organic Face Wash by EcoBeauty,940,GlowCo,https://example.com/image_412.jpg,4
413,Revitalizing Conditioner by AuraGlow,296,NatureBliss,https://example.com/image_413.jpg,3
414,Moisturizing Perfume by RadiantLife,509,AuraGlow,https://example.com/image_414.jpg,1
415,Nourishing Hair Gel by ZenCare,801,,https://example.com/image_415.jpg,2
416,Cleansing Shampoo by EcoBeauty,963,SkinLux,https://example.com/image_416.jpg,1
417,Moisturizing Shampoo by ZenCare,655,GlowCo,https://example.com/image_417.jpg,2
418,Refreshing Conditioner by EcoBeauty,187,EcoBeauty,https://example.com/image_418.jpg,3
419,Organic Hair Gel by EcoBeauty,922,PureEssence,https://example.com/image_419.jpg,4
420,Cleansing Deodorant by VivaNaturals,743,VivaNaturals,https://example.com/image_420.jpg,3
421,Moisturizing Deodorant by RadiantLife,343,VivaNaturals,https://example.com/image_421.jpg,4
422,Moisturizing Body Lotion by VivaNaturals,262,PureEssence,https://example.com/image_422.jpg,4
423,Revitalizing Hand Sanitizer by GlowCo,849,SkinLux,https://example.com/image_423.jpg,3
424,Softening Shampoo by EcoBeauty,759,ZenCare,https://example.com/image_424.jpg,1
425,Revitalizing Hair Gel by FreshCare,381,AuraGlow,https://example.com/image_425.jpg,3
426,Organic Deodorant by PureEssence,152,PureEssence,https://example.com/image_426.jpg,5
427,Refreshing Sunscreen by VivaNaturals,209,GlowCo,https://example.com/image_427.jpg,2
428,Revitalizing Lip Balm by NatureBliss,245,EcoBeauty,https://example.com/image_428.jpg,3
429,Refreshing Lip Balm by PureEssence,604,ZenCare,https://example.com/image_429.jpg,3
430,Organic Shampoo by PureEssence,445,SkinLux,https://example.com/image_430.jpg,5
431,Softening Deodorant by SkinLux,797,SkinLux,https://example.com/image_431.jpg,4
432,Refreshing Deodorant by RadiantLife,688,RadiantLife,https://example.com/image_432.jpg,3
433,Moisturizing Perfume by EcoBeauty,830,VivaNaturals,https://example.com/image_433.jpg,2
434,Softening Hair Gel by EcoBeauty,869,,https://example.com/image_434.jpg,1
435,Revitalizing Body Lotion by GlowCo,412,,https://example.com/image_435.jpg,5
436,Organic Hand Sanitizer by PureEssence,635,,https://example.com/image_436.jpg,5
437,Cleansing Conditioner by PureEssence,685,EcoBeauty,https://example.com/image_437.jpg,3
438,Organic Shampoo by SkinLux,940,NatureBliss,https://example.com/image_438.jpg,1
439,Revitalizing Perfume by NatureBliss,768,,https://example.com/image_439.jpg,3
440,Nourishing Lip Balm by VivaNaturals,868,ZenCare,https://example.com/image_440.jpg,2
441,Hydrating Sunscreen by SkinLux,186,NatureBliss,https://example.com/image_441.jpg,5
442,Softening Body Lotion by NatureBliss,308,,https://example.com/image_442.jpg,4
443,Revitalizing Hand Sanitizer by ZenCare,876,VivaNaturals,https://example.com/image_443.jpg,5
444,Cleansing Body Lotion by ZenCare,10,RadiantLife,https://example.com/image_444.jpg,3
445,Nourishing Hand Sanitizer by RadiantLife,186,,https://example.com/image_445.jpg,4
446,Revitalizing Deodorant by FreshCare,488,ZenCare,https://example.com/image_446.jpg,4
447,Moisturizing Conditioner by AuraGlow,983,ZenCare,https://example.com/image_447.jpg,1
448,Refreshing Face Wash by GlowCo,648,,https://example.com/image_448.jpg,1
449,Revitalizing Body Lotion by SkinLux,692,,https://example.com/image_449.jpg,4
450,Refreshing Body Lotion by ZenCare,972,FreshCare,https://example.com/image_450.jpg,2
451,Softening Hand Sanitizer by RadiantLife,28,NatureBliss,https://example.com/image_451.jpg,1
452,Revitalizing Body Lotion by EcoBeauty,331,FreshCare,https://example.com/image_452.jpg,4
453,Moisturizing Perfume by AuraGlow,538,FreshCare,https://example.com/image_453.jpg,4
454,Softening Hair Gel by EcoBeauty,303,,https://example.com/image_454.jpg,4
455,Softening Body Lotion by ZenCare,909,SkinLux,https://example.com/image_455.jpg,1
456,Moisturizing Perfume by ZenCare,312,,https://example.com/image_456.jpg,3
457,Cleansing Lip Balm by SkinLux,678,GlowCo,https://example.com/image_457.jpg,1
458,Refreshing Hair Gel by AuraGlow,880,,https://example.com/image_458.jpg,2
459,Softening Body Lotion by GlowCo,711,,https://example.com/image_459.jpg,1
460,Anti-Aging Hand Sanitizer by AuraGlow,710,EcoBeauty,https://example.com/image_460.jpg,4
461,Revitalizing Hair Gel by AuraGlow,296,RadiantLife,https://example.com/image_461.jpg,5
462,Organic Lip Balm by EcoBeauty,291,NatureBliss,https://example.com/image_462.jpg,2
463,Organic Hair Gel by FreshCare,863,RadiantLife,https://example.com/image_463.jpg,5
464,Cleansing Perfume by NatureBliss,132,GlowCo,https://example.com/image_464.jpg,4
465,Nourishing Deodorant by FreshCare,976,VivaNaturals,https://example.com/image_465.jpg,5
466,Organic Conditioner by SkinLux,813,NatureBliss,https://example.com/image_466.jpg,1
467,Hydrating Body Lotion by NatureBliss,817,SkinLux,https://example.com/image_467.jpg,5
468,Anti-Aging Sunscreen by PureEssence,876,PureEssence,https://example.com/image_468.jpg,2
469,Softening Hand Sanitizer by ZenCare,503,RadiantLife,https://example.com/image_469.jpg,1
470,Brightening Hair Gel by NatureBliss,999,EcoBeauty,https://example.com/image_470.jpg,1
471,Organic Body Lotion by ZenCare,705,AuraGlow,https://example.com/image_471.jpg,2
472,Nourishing Body Lotion by FreshCare,702,FreshCare,https://example.com/image_472.jpg,2
473,Nourishing Shampoo by NatureBliss,460,SkinLux,https://example.com/image_473.jpg,3
474,Organic Shampoo by SkinLux,227,AuraGlow,https://example.com/image_474.jpg,3
475,Revitalizing Sunscreen by PureEssence,39,FreshCare,https://example.com/image_475.jpg,1
476,Brightening Shampoo by GlowCo,398,PureEssence,https://example.com/image_476.jpg,4
477,Cleansing Hair Gel by FreshCare,952,RadiantLife,https://example.com/image_477.jpg,5
478,Cleansing Perfume by ZenCare,388,EcoBeauty,https://example.com/image_478.jpg,5
479,Revitalizing Shampoo by GlowCo,184,EcoBeauty,https://example.com/image_479.jpg,5
480,Cleansing Face Wash by GlowCo,289,SkinLux,https://example.com/image_480.jpg,2
481,Revitalizing Hand Sanitizer by FreshCare,663,PureEssence,https://example.com/image_481.jpg,4
482,Moisturizing Shampoo by SkinLux,672,EcoBeauty,https://example.com/image_482.jpg,3
483,Softening Lip Balm by RadiantLife,581,,https://example.com/image_483.jpg,3
484,Nourishing Hand Sanitizer by PureEssence,968,GlowCo,https://example.com/image_484.jpg,2
485,Revitalizing Perfume by GlowCo,468,AuraGlow,https://example.com/image_485.jpg,3
486,Organic Lip Balm by FreshCare,646,AuraGlow,https://example.com/image_486.jpg,2
487,Brightening Sunscreen by SkinLux,906,ZenCare,https://example.com/image_487.jpg,2
488,Anti-Aging Hand Sanitizer by VivaNaturals,415,PureEssence,https://example.com/image_488.jpg,2
489,Revitalizing Sunscreen by AuraGlow,732,ZenCare,https://example.com/image_489.jpg,1
490,Nourishing Face Wash by FreshCare,159,FreshCare,https://example.com/image_490.jpg,3
491,Hydrating Hair Gel by ZenCare,224,EcoBeauty,https://example.com/image_491.jpg,1
492,Hydrating Perfume by AuraGlow,21,RadiantLife,https://example.com/image_492.jpg,5
493,Nourishing Perfume by FreshCare,715,ZenCare,https://example.com/image_493.jpg,2
494,Moisturizing Deodorant by FreshCare,862,PureEssence,https://example.com/image_494.jpg,2
495,Organic Body Lotion by FreshCare,527,,https://example.com/image_495.jpg,4
496,Hydrating Deodorant by ZenCare,61,FreshCare,https://example.com/image_496.jpg,4
497,Refreshing Face Wash by ZenCare,846,EcoBeauty,https://example.com/image_497.jpg,2
498,Organic Shampoo by RadiantLife,296,SkinLux,https://example.com/image_498.jpg,5
499,Brightening Sunscreen by NatureBliss,567,GlowCo,https://example.com/image_499.jpg,2
500,Cleansing Body Lotion by NatureBliss,607,AuraGlow,https://example.com/image_500.jpg,5
501,Refreshing Deodorant by FreshCare,419,EcoBeauty,https://example.com/image_501.jpg,5
502,Moisturizing Deodorant by SkinLux,6,RadiantLife,https://example.com/image_502.jpg,3
503,Softening Face Wash by SkinLux,611,EcoBeauty,https://example.com/image_503.jpg,2
504,Refreshing Hair Gel by FreshCare,239,RadiantLife,https://example.com/image_504.jpg,1
505,Brightening Conditioner by VivaNaturals,141,ZenCare,https://example.com/image_505.jpg,4
506,Organic Hand Sanitizer by SkinLux,345,AuraGlow,https://example.com/image_506.jpg,3
507,Cleansing Hand Sanitizer by SkinLux,437,ZenCare,https://example.com/image_507.jpg,1
508,Cleansing Body Lotion by AuraGlow,23,EcoBeauty,https://example.com/image_508.jpg,2
509,Anti-Aging Hand Sanitizer by AuraGlow,904,AuraGlow,https://example.com/image_509.jpg,3
510,Nourishing Hair Gel by EcoBeauty,757,ZenCare,https://example.com/image_510.jpg,2
511,Organic Shampoo by NatureBliss,600,,https://example.com/image_511.jpg,2
512,Anti-Aging Shampoo by VivaNaturals,149,AuraGlow,https://example.com/image_512.jpg,5
513,Softening Shampoo by FreshCare,413,SkinLux,https://example.com/image_513.jpg,3
514,Refreshing Deodorant by EcoBeauty,638,EcoBeauty,https://example.com/image_514.jpg,4
515,Organic Shampoo by GlowCo,264,AuraGlow,https://example.com/image_515.jpg,1
516,Nourishing Lip Balm by PureEssence,973,VivaNaturals,https://example.com/image_516.jpg,1
517,Refreshing Shampoo by GlowCo,970,PureEssence,https://example.com/image_517.jpg,4
518,Cleansing Conditioner by RadiantLife,396,VivaNaturals,https://example.com/image_518.jpg,3
519,Nourishing Lip Balm by VivaNaturals,787,EcoBeauty,https://example.com/image_519.jpg,5
520,Cleansing Conditioner by VivaNaturals,570,NatureBliss,https://example.com/image_520.jpg,2
521,Organic Conditioner by RadiantLife,839,VivaNaturals,https://example.com/image_521.jpg,4
522,Cleansing Face Wash by NatureBliss,791,PureEssence,https://example.com/image_522.jpg,5
523,Revitalizing Hair Gel by NatureBliss,162,,https://example.com/image_523.jpg,3
524,Organic Shampoo by ZenCare,84,,https://example.com/image_524.jpg,1
525,Anti-Aging Perfume by NatureBliss,810,PureEssence,https://example.com/image_525.jpg,2
526,Nourishing Shampoo by AuraGlow,943,SkinLux,https://example.com/image_526.jpg,4
527,Cleansing Sunscreen by AuraGlow,269,SkinLux,https://example.com/image_527.jpg,2
528,Softening Sunscreen by VivaNaturals,233,AuraGlow,https://example.com/image_528.jpg,4
529,Moisturizing Perfume by NatureBliss,153,ZenCare,https://example.com/image_529.jpg,1
530,Moisturizing Deodorant by VivaNaturals,614,SkinLux,https://example.com/image_530.jpg,2
531,Cleansing Body Lotion by SkinLux,807,PureEssence,https://example.com/image_531.jpg,1
532,Refreshing Hand Sanitizer by AuraGlow,493,,https://example.com/image_532.jpg,5
533,Brightening Face Wash by SkinLux,607,AuraGlow,https://example.com/image_533.jpg,5
534,Cleansing Face Wash by AuraGlow,833,FreshCare,https://example.com/image_534.jpg,2
535,Refreshing Sunscreen by RadiantLife,486,FreshCare,https://example.com/image_535.jpg,1
536,Brightening Conditioner by PureEssence,620,SkinLux,https://example.com/image_536.jpg,1
537,Moisturizing Conditioner by PureEssence,191,AuraGlow,https://example.com/image_537.jpg,4
538,Cleansing Shampoo by FreshCare,252,,https://example.com/image_538.jpg,5
539,Moisturizing Hand Sanitizer by FreshCare,749,ZenCare,https://example.com/image_539.jpg,2
540,Organic Perfume by NatureBliss,56,RadiantLife,https://example.com/image_540.jpg,1
541,Cleansing Body Lotion by SkinLux,974,ZenCare,https://example.com/image_541.jpg,3
542,Organic Conditioner by NatureBliss,465,EcoBeauty,https://example.com/image_542.jpg,4
543,Hydrating Face Wash by PureEssence,708,VivaNaturals,https://example.com/image_543.jpg,3
544,Organic Shampoo by NatureBliss,576,PureEssence,https://example.com/image_544.jpg,3
545,Anti-Aging Shampoo by GlowCo,234,ZenCare,https://example.com/image_545.jpg,5
546,Organic Hair Gel by EcoBeauty,621,AuraGlow,https://example.com/image_546.jpg,3
547,Organic Lip Balm by PureEssence,403,RadiantLife,https://example.com/image_547.jpg,4
548,Revitalizing Perfume by NatureBliss,799,ZenCare,https://example.com/image_548.jpg,1
549,Hydrating Shampoo by PureEssence,944,,https://example.com/image_549.jpg,5
550,Softening Hand Sanitizer by GlowCo,792,ZenCare,https://example.com/image_550.jpg,4
551,Hydrating Lip Balm by RadiantLife,392,EcoBeauty,https://example.com/image_551.jpg,5
552,Organic Conditioner by RadiantLife,565,EcoBeauty,https://example.com/image_552.jpg,2
553,Softening Lip Balm by PureEssence,646,,https://example.com/image_553.jpg,3
554,Moisturizing Perfume by PureEssence,466,VivaNaturals,https://example.com/image_554.jpg,4
555,Anti-Aging Face Wash by SkinLux,429,AuraGlow,https://example.com/image_555.jpg,5
556,Anti-Aging Deodorant by FreshCare,204,GlowCo,https://example.com/image_556.jpg,5
557,Hydrating Body Lotion by FreshCare,762,FreshCare,https://example.com/image_557.jpg,2
558,Moisturizing Hair Gel by SkinLux,563,PureEssence,https://example.com/image_558.jpg,1
559,Refreshing Face Wash by AuraGlow,182,FreshCare,https://example.com/image_559.jpg,1
560,Organic Face Wash by ZenCare,644,GlowCo,https://example.com/image_560.jpg,1
561,Moisturizing Conditioner by RadiantLife,73,FreshCare,https://example.com/image_561.jpg,3
562,Cleansing Body Lotion by ZenCare,303,ZenCare,https://example.com/image_562.jpg,3
563,Nourishing Face Wash by VivaNaturals,763,GlowCo,https://example.com/image_563.jpg,5
564,Anti-Aging Perfume by FreshCare,769,EcoBeauty,https://example.com/image_564.jpg,4
565,Organic Body Lotion by NatureBliss,50,FreshCare,https://example.com/image_565.jpg,2
566,Revitalizing Perfume by NatureBliss,68,PureEssence,https://example.com/image_566.jpg,5
567,Revitalizing Lip Balm by PureEssence,934,FreshCare,https://example.com/image_567.jpg,4
568,Cleansing Conditioner by ZenCare,162,EcoBeauty,https://example.com/image_568.jpg,1
569,Cleansing Perfume by PureEssence,16,VivaNaturals,https://example.com/image_569.jpg,1
570,Cleansing Conditioner by ZenCare,184,ZenCare,https://example.com/image_570.jpg,5
571,Brightening Body Lotion by PureEssence,225,SkinLux,https://example.com/image_571.jpg,4
572,Moisturizing Lip Balm by ZenCare,909,NatureBliss,https://example.com/image_572.jpg,2
573,Anti-Aging Perfume by AuraGlow,429,ZenCare,https://example.com/image_573.jpg,2
574,Softening Perfume by VivaNaturals,153,EcoBeauty,https://example.com/image_574.jpg,3
575,Moisturizing Face Wash by NatureBliss,963,,https://example.com/image_575.jpg,2
576,Revitalizing Deodorant by VivaNaturals,478,RadiantLife,https://example.com/image_576.jpg,3
577,Organic Lip Balm by GlowCo,659,NatureBliss,https://example.com/image_577.jpg,3
578,Cleansing Hand Sanitizer by SkinLux,433,AuraGlow,https://example.com/image_578.jpg,5
579,Brightening Hair Gel by NatureBliss,802,VivaNaturals,https://example.com/image_579.jpg,4
580,Nourishing Lip Balm by VivaNaturals,681,PureEssence,https://example.com/image_580.jpg,3
581,Softening Face Wash by EcoBeauty,697,SkinLux,https://example.com/image_581.jpg,3
582,Moisturizing Lip Balm by VivaNaturals,517,EcoBeauty,https://example.com/image_582.jpg,2
583,Anti-Aging Shampoo by RadiantLife,600,EcoBeauty,https://example.com/image_583.jpg,2
584,Softening Hair Gel by GlowCo,670,SkinLux,https://example.com/image_584.jpg,4
585,Refreshing Hand Sanitizer by RadiantLife,742,GlowCo,https://example.com/image_585.jpg,5
586,Nourishing Face Wash by AuraGlow,475,FreshCare,https://example.com/image_586.jpg,4
587,Revitalizing Deodorant by NatureBliss,421,GlowCo,https://example.com/image_587.jpg,1
588,Cleansing Conditioner by VivaNaturals,698,NatureBliss,https://example.com/image_588.jpg,1
589,Refreshing Hair Gel by GlowCo,226,,https://example.com/image_589.jpg,5
590,Anti-Aging Shampoo by VivaNaturals,952,,https://example.com/image_590.jpg,2
591,Revitalizing Sunscreen by RadiantLife,633,VivaNaturals,https://example.com/image_591.jpg,3
592,Softening Hand Sanitizer by EcoBeauty,619,AuraGlow,https://example.com/image_592.jpg,2
593,Revitalizing Perfume by SkinLux,124,GlowCo,https://example.com/image_593.jpg,1
594,Hydrating Hair Gel by NatureBliss,33,ZenCare,https://example.com/image_594.jpg,3
595,Brightening Perfume by ZenCare,129,FreshCare,https://example.com/image_595.jpg,1
596,Moisturizing Deodorant by SkinLux,926,PureEssence,https://example.com/image_596.jpg,4
597,Moisturizing Lip Balm by RadiantLife,736,RadiantLife,https://example.com/image_597.jpg,3
598,Anti-Aging Deodorant by FreshCare,876,FreshCare,https://example.com/image_598.jpg,4
599,Cleansing Perfume by ZenCare,432,NatureBliss,https://example.com/image_599.jpg,4
600,Nourishing Lip Balm by EcoBeauty,58,ZenCare,https://example.com/image_600.jpg,3
601,Organic Hand Sanitizer by PureEssence,918,RadiantLife,https://example.com/image_601.jpg,2
602,Nourishing Sunscreen by SkinLux,723,RadiantLife,https://example.com/image_602.jpg,1
603,Hydrating Hand Sanitizer by VivaNaturals,313,SkinLux,https://example.com/image_603.jpg,2
604,Revitalizing Lip Balm by RadiantLife,677,,https://example.com/image_604.jpg,3
605,Brightening Body Lotion by VivaNaturals,920,RadiantLife,https://example.com/image_605.jpg,2
606,Refreshing Hair Gel by RadiantLife,223,AuraGlow,https://example.com/image_606.jpg,5
607,Refreshing Perfume by VivaNaturals,931,GlowCo,https://example.com/image_607.jpg,1
608,Brightening Perfume by AuraGlow,869,PureEssence,https://example.com/image_608.jpg,3
609,Nourishing Hair Gel by PureEssence,629,,https://example.com/image_609.jpg,4
610,Revitalizing Conditioner by VivaNaturals,317,ZenCare,https://example.com/image_610.jpg,4
611,Anti-Aging Deodorant by AuraGlow,419,GlowCo,https://example.com/image_611.jpg,4
612,Anti-Aging Shampoo by FreshCare,895,ZenCare,https://example.com/image_612.jpg,1
613,Organic Body Lotion by AuraGlow,363,EcoBeauty,https://example.com/image_613.jpg,3
614,Brightening Hair Gel by ZenCare,165,FreshCare,https://example.com/image_614.jpg,1
615,Moisturizing Deodorant by FreshCare,514,VivaNaturals,https://example.com/image_615.jpg,2
616,Cleansing Hair Gel by FreshCare,683,EcoBeauty,https://example.com/image_616.jpg,5
617,Refreshing Deodorant by RadiantLife,3,VivaNaturals,https://example.com/image_617.jpg,1
618,Anti-Aging Hand Sanitizer by GlowCo,931,ZenCare,https://example.com/image_618.jpg,4
619,Cleansing Hand Sanitizer by AuraGlow,949,SkinLux,https://example.com/image_619.jpg,2
620,Brightening Shampoo by PureEssence,94,PureEssence,https://example.com/image_620.jpg,2
621,Refreshing Hair Gel by PureEssence,690,,https://example.com/image_621.jpg,1
622,Nourishing Deodorant by ZenCare,148,,https://example.com/image_622.jpg,2
623,Revitalizing Face Wash by EcoBeauty,841,EcoBeauty,https://example.com/image_623.jpg,3
624,Brightening Body Lotion by PureEssence,856,EcoBeauty,https://example.com/image_624.jpg,3
625,Softening Shampoo by NatureBliss,9,AuraGlow,https://example.com/image_625.jpg,1
626,Nourishing Perfume by RadiantLife,787,EcoBeauty,https://example.com/image_626.jpg,2
627,Organic Deodorant by GlowCo,969,FreshCare,https://example.com/image_627.jpg,3
628,Organic Conditioner by NatureBliss,337,VivaNaturals,https://example.com/image_628.jpg,5
629,Organic Hand Sanitizer by PureEssence,318,,https://example.com/image_629.jpg,5
630,Refreshing Sunscreen by EcoBeauty,440,,https://example.com/image_630.jpg,2
631,Hydrating Sunscreen by NatureBliss,636,GlowCo,https://example.com/image_631.jpg,2
632,Brightening Lip Balm by AuraGlow,963,GlowCo,https://example.com/image_632.jpg,2
633,Nourishing Lip Balm by SkinLux,805,EcoBeauty,https://example.com/image_633.jpg,3
634,Organic Face Wash by FreshCare,392,ZenCare,https://example.com/image_634.jpg,4
635,Nourishing Hair Gel by NatureBliss,8,SkinLux,https://example.com/image_635.jpg,3
636,Organic Hand Sanitizer by RadiantLife,182,SkinLux,https://example.com/image_636.jpg,4
637,Brightening Shampoo by FreshCare,845,EcoBeauty,https://example.com/image_637.jpg,1
638,Nourishing Hand Sanitizer by ZenCare,471,NatureBliss,https://example.com/image_638.jpg,4
639,Organic Body Lotion by NatureBliss,973,RadiantLife,https://example.com/image_639.jpg,1
640,Nourishing Deodorant by GlowCo,988,VivaNaturals,https://example.com/image_640.jpg,2
641,Softening Body Lotion by RadiantLife,629,RadiantLife,https://example.com/image_641.jpg,1
642,Cleansing Conditioner by SkinLux,604,PureEssence,https://example.com/image_642.jpg,5
643,Organic Perfume by SkinLux,323,AuraGlow,https://example.com/image_643.jpg,4
644,Anti-Aging Deodorant by EcoBeauty,791,FreshCare,https://example.com/image_644.jpg,3
645,Anti-Aging Body Lotion by SkinLux,37,SkinLux,https://example.com/image_645.jpg,2
646,Anti-Aging Hair Gel by NatureBliss,689,RadiantLife,https://example.com/image_646.jpg,5
647,Refreshing Body Lotion by NatureBliss,525,RadiantLife,https://example.com/image_647.jpg,3
648,Refreshing Body Lotion by FreshCare,234,SkinLux,https://example.com/image_648.jpg,1
649,Softening Hand Sanitizer by AuraGlow,146,,https://example.com/image_649.jpg,2
650,Moisturizing Body Lotion by RadiantLife,36,FreshCare,https://example.com/image_650.jpg,2
651,Nourishing Perfume by PureEssence,146,RadiantLife,https://example.com/image_651.jpg,3
652,Nourishing Shampoo by AuraGlow,423,SkinLux,https://example.com/image_652.jpg,2
653,Anti-Aging Hand Sanitizer by VivaNaturals,489,AuraGlow,https://example.com/image_653.jpg,1
654,Cleansing Hair Gel by FreshCare,95,ZenCare,https://example.com/image_654.jpg,5
655,Cleansing Perfume by VivaNaturals,167,SkinLux,https://example.com/image_655.jpg,4
656,Anti-Aging Hand Sanitizer by EcoBeauty,151,FreshCare,https://example.com/image_656.jpg,5
657,Moisturizing Perfume by FreshCare,432,GlowCo,https://example.com/image_657.jpg,3
658,Moisturizing Shampoo by NatureBliss,680,VivaNaturals,https://example.com/image_658.jpg,2
659,Nourishing Hand Sanitizer by VivaNaturals,707,ZenCare,https://example.com/image_659.jpg,4
660,Softening Deodorant by RadiantLife,742,EcoBeauty,https://example.com/image_660.jpg,5
661,Cleansing Body Lotion by ZenCare,286,RadiantLife,https://example.com/image_661.jpg,5
662,Softening Hand Sanitizer by RadiantLife,970,ZenCare,https://example.com/image_662.jpg,4
663,Nourishing Lip Balm by ZenCare,579,VivaNaturals,https://example.com/image_663.jpg,1
664,Cleansing Face Wash by SkinLux,147,VivaNaturals,https://example.com/image_664.jpg,5
665,Organic Hair Gel by PureEssence,449,,https://example.com/image_665.jpg,5
666,Cleansing Perfume by AuraGlow,930,,https://example.com/image_666.jpg,1
667,Moisturizing Hair Gel by NatureBliss,622,EcoBeauty,https://example.com/image_667.jpg,5
668,Anti-Aging Face Wash by RadiantLife,21,VivaNaturals,https://example.com/image_668.jpg,3
669,Anti-Aging Hair Gel by SkinLux,937,FreshCare,https://example.com/image_669.jpg,1
670,Refreshing Body Lotion by PureEssence,242,SkinLux,https://example.com/image_670.jpg,1
671,Anti-Aging Body Lotion by ZenCare,657,NatureBliss,https://example.com/image_671.jpg,5
672,Brightening Sunscreen by PureEssence,518,FreshCare,https://example.com/image_672.jpg,1
673,Anti-Aging Conditioner by ZenCare,821,NatureBliss,https://example.com/image_673.jpg,4
674,Hydrating Deodorant by PureEssence,223,VivaNaturals,https://example.com/image_674.jpg,1
675,Moisturizing Perfume by NatureBliss,202,FreshCare,https://example.com/image_675.jpg,1
676,Anti-Aging Body Lotion by ZenCare,52,,https://example.com/image_676.jpg,3
677,Refreshing Sunscreen by NatureBliss,729,EcoBeauty,https://example.com/image_677.jpg,5
678,Revitalizing Face Wash by VivaNaturals,287,AuraGlow,https://example.com/image_678.jpg,3
679,Anti-Aging Body Lotion by AuraGlow,388,,https://example.com/image_679.jpg,5
680,Hydrating Sunscreen by RadiantLife,358,VivaNaturals,https://example.com/image_680.jpg,1
681,Refreshing Deodorant by FreshCare,665,RadiantLife,https://example.com/image_681.jpg,4
682,Moisturizing Deodorant by AuraGlow,958,AuraGlow,https://example.com/image_682.jpg,2
683,Softening Face Wash by AuraGlow,217,VivaNaturals,https://example.com/image_683.jpg,4
684,Softening Face Wash by PureEssence,681,GlowCo,https://example.com/image_684.jpg,3
685,Moisturizing Deodorant by PureEssence,85,EcoBeauty,https://example.com/image_685.jpg,3
686,Anti-Aging Shampoo by ZenCare,227,,https://example.com/image_686.jpg,1
687,Anti-Aging Perfume by FreshCare,229,NatureBliss,https://example.com/image_687.jpg,5
688,Cleansing Hair Gel by FreshCare,62,FreshCare,https://example.com/image_688.jpg,2
689,Organic Deodorant by AuraGlow,828,NatureBliss,https://example.com/image_689.jpg,3
690,Anti-Aging Hand Sanitizer by RadiantLife,270,FreshCare,https://example.com/image_690.jpg,4
691,Nourishing Sunscreen by PureEssence,461,NatureBliss,https://example.com/image_691.jpg,1
692,Softening Conditioner by NatureBliss,785,NatureBliss,https://example.com/image_692.jpg,3
693,Revitalizing Hand Sanitizer by AuraGlow,420,AuraGlow,https://example.com/image_693.jpg,2
694,Cleansing Body Lotion by VivaNaturals,384,AuraGlow,https://example.com/image_694.jpg,4
695,Organic Sunscreen by EcoBeauty,425,ZenCare,https://example.com/image_695.jpg,5
696,Anti-Aging Hair Gel by VivaNaturals,305,SkinLux,https://example.com/image_696.jpg,5
697,Nourishing Hair Gel by RadiantLife,594,VivaNaturals,https://example.com/image_697.jpg,5
698,Organic Lip Balm by EcoBeauty,564,VivaNaturals,https://example.com/image_698.jpg,2
699,Moisturizing Face Wash by FreshCare,23,EcoBeauty,https://example.com/image_699.jpg,2
700,Revitalizing Perfume by ZenCare,931,AuraGlow,https://example.com/image_700.jpg,5
701,Moisturizing Body Lotion by RadiantLife,540,NatureBliss,https://example.com/image_701.jpg,3
702,Anti-Aging Sunscreen by ZenCare,976,,https://example.com/image_702.jpg,4
703,Brightening Lip Balm by RadiantLife,114,PureEssence,https://example.com/image_703.jpg,4
704,Brightening Lip Balm by EcoBeauty,984,RadiantLife,https://example.com/image_704.jpg,3
705,Brightening Conditioner by VivaNaturals,746,NatureBliss,https://example.com/image_705.jpg,1
706,Nourishing Hair Gel by VivaNaturals,679,PureEssence,https://example.com/image_706.jpg,2
707,Revitalizing Body Lotion by EcoBeauty,723,PureEssence,https://example.com/image_707.jpg,5
708,Organic Body Lotion by ZenCare,393,EcoBeauty,https://example.com/image_708.jpg,2
709,Softening Face Wash by ZenCare,350,PureEssence,https://example.com/image_709.jpg,4
710,Brightening Deodorant by SkinLux,143,SkinLux,https://example.com/image_710.jpg,5
711,Revitalizing Hand Sanitizer by VivaNaturals,136,EcoBeauty,https://example.com/image_711.jpg,1
712,Anti-Aging Body Lotion by GlowCo,993,GlowCo,https://example.com/image_712.jpg,2
713,Cleansing Hair Gel by AuraGlow,993,ZenCare,https://example.com/image_713.jpg,1
714,Hydrating Hand Sanitizer by ZenCare,72,GlowCo,https://example.com/image_714.jpg,1
715,Organic Hand Sanitizer by PureEssence,718,AuraGlow,https://example.com/image_715.jpg,1
716,Organic Deodorant by FreshCare,890,RadiantLife,https://example.com/image_716.jpg,2
717,Nourishing Face Wash by EcoBeauty,418,EcoBeauty,https://example.com/image_717.jpg,1
718,Moisturizing Deodorant by FreshCare,127,FreshCare,https://example.com/image_718.jpg,1
719,Refreshing Sunscreen by SkinLux,445,SkinLux,https://example.com/image_719.jpg,1
720,Hydrating Perfume by FreshCare,595,SkinLux,https://example.com/image_720.jpg,2
721,Organic Face Wash by PureEssence,983,SkinLux,https://example.com/image_721.jpg,2
722,Moisturizing Deodorant by PureEssence,654,VivaNaturals,https://example.com/image_722.jpg,4
723,Hydrating Face Wash by GlowCo,367,AuraGlow,https://example.com/image_723.jpg,2
724,Cleansing Hair Gel by NatureBliss,589,NatureBliss,https://example.com/image_724.jpg,5
725,Moisturizing Perfume by PureEssence,209,AuraGlow,https://example.com/image_725.jpg,1
726,Refreshing Face Wash by VivaNaturals,319,SkinLux,https://example.com/image_726.jpg,5
727,Anti-Aging Body Lotion by GlowCo,858,EcoBeauty,https://example.com/image_727.jpg,3
728,Softening Conditioner by ZenCare,438,PureEssence,https://example.com/image_728.jpg,5
729,Softening Perfume by SkinLux,237,RadiantLife,https://example.com/image_729.jpg,3
730,Brightening Body Lotion by NatureBliss,635,AuraGlow,https://example.com/image_730.jpg,4
731,Moisturizing Conditioner by PureEssence,907,ZenCare,https://example.com/image_731.jpg,4
732,Nourishing Shampoo by RadiantLife,419,AuraGlow,https://example.com/image_732.jpg,3
733,Brightening Shampoo by RadiantLife,753,,https://example.com/image_733.jpg,5
734,Anti-Aging Face Wash by SkinLux,344,VivaNaturals,https://example.com/image_734.jpg,2
735,Anti-Aging Perfume by NatureBliss,50,FreshCare,https://example.com/image_735.jpg,2
736,Moisturizing Conditioner by SkinLux,333,RadiantLife,https://example.com/image_736.jpg,2
737,Cleansing Hair Gel by RadiantLife,127,ZenCare,https://example.com/image_737.jpg,3
738,Refreshing Hair Gel by AuraGlow,30,GlowCo,https://example.com/image_738.jpg,2
739,Softening Shampoo by PureEssence,87,RadiantLife,https://example.com/image_739.jpg,3
740,Cleansing Face Wash by ZenCare,333,VivaNaturals,https://example.com/image_740.jpg,1
741,Nourishing Body Lotion by VivaNaturals,526,ZenCare,https://example.com/image_741.jpg,3
742,Brightening Body Lotion by GlowCo,16,ZenCare,https://example.com/image_742.jpg,3
743,Moisturizing Deodorant by VivaNaturals,104,,https://example.com/image_743.jpg,1
744,Softening Body Lotion by SkinLux,616,NatureBliss,https://example.com/image_744.jpg,5
745,Brightening Lip Balm by NatureBliss,96,PureEssence,https://example.com/image_745.jpg,3
746,Nourishing Sunscreen by SkinLux,455,EcoBeauty,https://example.com/image_746.jpg,5
747,Hydrating Shampoo by VivaNaturals,42,VivaNaturals,https://example.com/image_747.jpg,3
748,Softening Perfume by SkinLux,893,ZenCare,https://example.com/image_748.jpg,2
749,Brightening Face Wash by SkinLux,38,SkinLux,https://example.com/image_749.jpg,3
750,Organic Hand Sanitizer by PureEssence,870,EcoBeauty,https://example.com/image_750.jpg,3
751,Cleansing Face Wash by FreshCare,471,VivaNaturals,https://example.com/image_751.jpg,4
752,Hydrating Lip Balm by NatureBliss,327,ZenCare,https://example.com/image_752.jpg,3
753,Hydrating Face Wash by FreshCare,814,NatureBliss,https://example.com/image_753.jpg,3
754,Organic Face Wash by EcoBeauty,459,RadiantLife,https://example.com/image_754.jpg,5
755,Nourishing Sunscreen by EcoBeauty,206,VivaNaturals,https://example.com/image_755.jpg,1
756,Revitalizing Lip Balm by NatureBliss,130,PureEssence,https://example.com/image_756.jpg,4
757,Nourishing Face Wash by ZenCare,645,NatureBliss,https://example.com/image_757.jpg,5
758,Cleansing Body Lotion by AuraGlow,499,VivaNaturals,https://example.com/image_758.jpg,1
759,Revitalizing Hand Sanitizer by NatureBliss,983,NatureBliss,https://example.com/image_759.jpg,5
760,Anti-Aging Perfume by RadiantLife,933,EcoBeauty,https://example.com/image_760.jpg,2
761,Refreshing Lip Balm by PureEssence,634,VivaNaturals,https://example.com/image_761.jpg,1
762,Revitalizing Conditioner by NatureBliss,578,EcoBeauty,https://example.com/image_762.jpg,5
763,Refreshing Sunscreen by AuraGlow,510,AuraGlow,https://example.com/image_763.jpg,4
764,Nourishing Face Wash by SkinLux,745,GlowCo,https://example.com/image_764.jpg,2
765,Nourishing Lip Balm by AuraGlow,772,FreshCare,https://example.com/image_765.jpg,3
766,Organic Sunscreen by VivaNaturals,253,RadiantLife,https://example.com/image_766.jpg,1
767,Cleansing Sunscreen by SkinLux,475,RadiantLife,https://example.com/image_767.jpg,1
768,Organic Lip Balm by SkinLux,944,NatureBliss,https://example.com/image_768.jpg,3
769,Softening Shampoo by FreshCare,196,EcoBeauty,https://example.com/image_769.jpg,1
770,Moisturizing Sunscreen by GlowCo,301,RadiantLife,https://example.com/image_770.jpg,5
771,Anti-Aging Shampoo by FreshCare,817,PureEssence,https://example.com/image_771.jpg,4
772,Moisturizing Deodorant by EcoBeauty,472,,https://example.com/image_772.jpg,2
773,Nourishing Hair Gel by VivaNaturals,729,GlowCo,https://example.com/image_773.jpg,1
774,Nourishing Hand Sanitizer by FreshCare,285,NatureBliss,https://example.com/image_774.jpg,3
775,Brightening Conditioner by SkinLux,589,EcoBeauty,https://example.com/image_775.jpg,3
776,Brightening Hand Sanitizer by SkinLux,228,RadiantLife,https://example.com/image_776.jpg,1
777,Hydrating Hand Sanitizer by ZenCare,82,,https://example.com/image_777.jpg,4
778,Refreshing Perfume by PureEssence,765,,https://example.com/image_778.jpg,3
779,Revitalizing Sunscreen by VivaNaturals,69,VivaNaturals,https://example.com/image_779.jpg,5
780,Nourishing Perfume by FreshCare,103,SkinLux,https://example.com/image_780.jpg,3
781,Revitalizing Face Wash by AuraGlow,924,PureEssence,https://example.com/image_781.jpg,5
782,Nourishing Sunscreen by PureEssence,856,RadiantLife,https://example.com/image_782.jpg,4
783,Softening Body Lotion by PureEssence,798,AuraGlow,https://example.com/image_783.jpg,2
784,Revitalizing Conditioner by SkinLux,845,SkinLux,https://example.com/image_784.jpg,5
785,Hydrating Lip Balm by NatureBliss,616,PureEssence,https://example.com/image_785.jpg,1
786,Cleansing Body Lotion by PureEssence,337,EcoBeauty,https://example.com/image_786.jpg,1
787,Organic Conditioner by ZenCare,646,RadiantLife,https://example.com/image_787.jpg,3
788,Softening Sunscreen by VivaNaturals,643,SkinLux,https://example.com/image_788.jpg,4
789,Moisturizing Hand Sanitizer by RadiantLife,514,,https://example.com/image_789.jpg,3
790,Anti-Aging Body Lotion by VivaNaturals,886,SkinLux,https://example.com/image_790.jpg,3
791,Revitalizing Sunscreen by EcoBeauty,414,NatureBliss,https://example.com/image_791.jpg,3
792,Refreshing Deodorant by PureEssence,791,GlowCo,https://example.com/image_792.jpg,1
793,Anti-Aging Shampoo by GlowCo,978,EcoBeauty,https://example.com/image_793.jpg,2
794,Moisturizing Face Wash by EcoBeauty,392,AuraGlow,https://example.com/image_794.jpg,5
795,Hydrating Shampoo by VivaNaturals,693,RadiantLife,https://example.com/image_795.jpg,2
796,Softening Deodorant by GlowCo,662,SkinLux,https://example.com/image_796.jpg,3
797,Nourishing Hand Sanitizer by ZenCare,383,PureEssence,https://example.com/image_797.jpg,3
798,Moisturizing Sunscreen by ZenCare,954,FreshCare,https://example.com/image_798.jpg,4
799,Cleansing Body Lotion by AuraGlow,340,GlowCo,https://example.com/image_799.jpg,3
800,Nourishing Hand Sanitizer by ZenCare,934,AuraGlow,https://example.com/image_800.jpg,1
801,Anti-Aging Sunscreen by VivaNaturals,3,SkinLux,https://example.com/image_801.jpg,3
802,Hydrating Lip Balm by GlowCo,606,SkinLux,https://example.com/image_802.jpg,4
803,Cleansing Lip Balm by GlowCo,205,GlowCo,https://example.com/image_803.jpg,4
804,Refreshing Face Wash by VivaNaturals,39,ZenCare,https://example.com/image_804.jpg,3
805,Hydrating Shampoo by GlowCo,906,PureEssence,https://example.com/image_805.jpg,1
806,Refreshing Hair Gel by NatureBliss,276,ZenCare,https://example.com/image_806.jpg,2
807,Revitalizing Conditioner by ZenCare,127,NatureBliss,https://example.com/image_807.jpg,4
808,Refreshing Deodorant by GlowCo,284,RadiantLife,https://example.com/image_808.jpg,4
809,Cleansing Hair Gel by PureEssence,392,VivaNaturals,https://example.com/image_809.jpg,1
810,Brightening Body Lotion by VivaNaturals,171,AuraGlow,https://example.com/image_810.jpg,5
811,Nourishing Conditioner by RadiantLife,729,FreshCare,https://example.com/image_811.jpg,1
812,Softening Sunscreen by RadiantLife,790,NatureBliss,https://example.com/image_812.jpg,4
813,Nourishing Hand Sanitizer by FreshCare,12,FreshCare,https://example.com/image_813.jpg,1
814,Brightening Lip Balm by NatureBliss,433,RadiantLife,https://example.com/image_814.jpg,2
815,Softening Deodorant by FreshCare,293,NatureBliss,https://example.com/image_815.jpg,5
816,Revitalizing Hand Sanitizer by EcoBeauty,33,RadiantLife,https://example.com/image_816.jpg,5
817,Organic Deodorant by RadiantLife,211,AuraGlow,https://example.com/image_817.jpg,4
818,Organic Face Wash by PureEssence,190,RadiantLife,https://example.com/image_818.jpg,1
819,Hydrating Conditioner by SkinLux,137,ZenCare,https://example.com/image_819.jpg,3
820,Softening Lip Balm by RadiantLife,299,SkinLux,https://example.com/image_820.jpg,2
821,Nourishing Lip Balm by PureEssence,29,,https://example.com/image_821.jpg,4
822,Revitalizing Deodorant by VivaNaturals,517,RadiantLife,https://example.com/image_822.jpg,2
823,Moisturizing Body Lotion by AuraGlow,145,SkinLux,https://example.com/image_823.jpg,5
824,Revitalizing Conditioner by VivaNaturals,543,PureEssence,https://example.com/image_824.jpg,4
825,Hydrating Lip Balm by SkinLux,519,RadiantLife,https://example.com/image_825.jpg,2
826,Refreshing Shampoo by EcoBeauty,333,NatureBliss,https://example.com/image_826.jpg,2
827,Revitalizing Sunscreen by PureEssence,78,ZenCare,https://example.com/image_827.jpg,2
828,Softening Deodorant by AuraGlow,795,AuraGlow,https://example.com/image_828.jpg,1
829,Organic Hair Gel by RadiantLife,537,AuraGlow,https://example.com/image_829.jpg,3
830,Anti-Aging Conditioner by RadiantLife,371,NatureBliss,https://example.com/image_830.jpg,1
831,Cleansing Perfume by NatureBliss,860,FreshCare,https://example.com/image_831.jpg,3
832,Moisturizing Shampoo by VivaNaturals,995,GlowCo,https://example.com/image_832.jpg,5
833,Organic Deodorant by AuraGlow,666,FreshCare,https://example.com/image_833.jpg,3
834,Organic Body Lotion by PureEssence,158,EcoBeauty,https://example.com/image_834.jpg,4
835,Hydrating Body Lotion by GlowCo,480,EcoBeauty,https://example.com/image_835.jpg,5
836,Hydrating Hand Sanitizer by NatureBliss,78,RadiantLife,https://example.com/image_836.jpg,3
837,Revitalizing Deodorant by VivaNaturals,35,SkinLux,https://example.com/image_837.jpg,5
838,Brightening Sunscreen by GlowCo,822,GlowCo,https://example.com/image_838.jpg,3
839,Softening Face Wash by FreshCare,408,AuraGlow,https://example.com/image_839.jpg,5
840,Moisturizing Hair Gel by EcoBeauty,931,FreshCare,https://example.com/image_840.jpg,4
841,Hydrating Perfume by PureEssence,878,VivaNaturals,https://example.com/image_841.jpg,2
842,Nourishing Conditioner by VivaNaturals,42,FreshCare,https://example.com/image_842.jpg,1
843,Hydrating Hand Sanitizer by EcoBeauty,30,SkinLux,https://example.com/image_843.jpg,1
844,Hydrating Conditioner by EcoBeauty,325,GlowCo,https://example.com/image_844.jpg,3
845,Moisturizing Conditioner by SkinLux,820,,https://example.com/image_845.jpg,1
846,Softening Hand Sanitizer by PureEssence,195,,https://example.com/image_846.jpg,1
847,Nourishing Sunscreen by FreshCare,999,VivaNaturals,https://example.com/image_847.jpg,5
848,Revitalizing Hair Gel by PureEssence,819,GlowCo,https://example.com/image_848.jpg,1
849,Organic Face Wash by RadiantLife,590,GlowCo,https://example.com/image_849.jpg,4
850,Softening Shampoo by SkinLux,478,RadiantLife,https://example.com/image_850.jpg,3
851,Refreshing Sunscreen by RadiantLife,827,,https://example.com/image_851.jpg,5
852,Nourishing Face Wash by SkinLux,928,AuraGlow,https://example.com/image_852.jpg,3
853,Brightening Sunscreen by AuraGlow,672,EcoBeauty,https://example.com/image_853.jpg,4
854,Hydrating Sunscreen by NatureBliss,563,ZenCare,https://example.com/image_854.jpg,4
855,Softening Hand Sanitizer by GlowCo,754,SkinLux,https://example.com/image_855.jpg,5
856,Hydrating Deodorant by EcoBeauty,243,SkinLux,https://example.com/image_856.jpg,5
857,Cleansing Sunscreen by VivaNaturals,764,AuraGlow,https://example.com/image_857.jpg,1
858,Refreshing Hand Sanitizer by GlowCo,930,,https://example.com/image_858.jpg,5
859,Anti-Aging Perfume by AuraGlow,967,ZenCare,https://example.com/image_859.jpg,5
860,Anti-Aging Sunscreen by FreshCare,491,AuraGlow,https://example.com/image_860.jpg,5
861,Brightening Perfume by AuraGlow,356,SkinLux,https://example.com/image_861.jpg,5
862,Anti-Aging Body Lotion by RadiantLife,449,PureEssence,https://example.com/image_862.jpg,3
863,Brightening Sunscreen by AuraGlow,941,AuraGlow,https://example.com/image_863.jpg,2
864,Hydrating Sunscreen by EcoBeauty,655,NatureBliss,https://example.com/image_864.jpg,3
865,Cleansing Perfume by AuraGlow,450,ZenCare,https://example.com/image_865.jpg,1
866,Revitalizing Hair Gel by RadiantLife,662,GlowCo,https://example.com/image_866.jpg,1
867,Brightening Shampoo by FreshCare,783,,https://example.com/image_867.jpg,2
868,Revitalizing Hand Sanitizer by GlowCo,26,NatureBliss,https://example.com/image_868.jpg,5
869,Moisturizing Lip Balm by FreshCare,49,AuraGlow,https://example.com/image_869.jpg,4
870,Brightening Hair Gel by AuraGlow,915,ZenCare,https://example.com/image_870.jpg,5
871,Hydrating Body Lotion by NatureBliss,990,EcoBeauty,https://example.com/image_871.jpg,1
872,Organic Body Lotion by FreshCare,717,RadiantLife,https://example.com/image_872.jpg,1
873,Softening Hair Gel by RadiantLife,784,GlowCo,https://example.com/image_873.jpg,5
874,Hydrating Conditioner by AuraGlow,126,,https://example.com/image_874.jpg,5
875,Refreshing Perfume by VivaNaturals,864,,https://example.com/image_875.jpg,1
876,Anti-Aging Sunscreen by PureEssence,916,GlowCo,https://example.com/image_876.jpg,1
877,Revitalizing Lip Balm by EcoBeauty,470,VivaNaturals,https://example.com/image_877.jpg,5
878,Brightening Hair Gel by ZenCare,225,,https://example.com/image_878.jpg,1
879,Cleansing Perfume by FreshCare,109,FreshCare,https://example.com/image_879.jpg,2
880,Revitalizing Hand Sanitizer by SkinLux,68,EcoBeauty,https://example.com/image_880.jpg,1
881,Softening Hair Gel by AuraGlow,824,VivaNaturals,https://example.com/image_881.jpg,5
882,Hydrating Hair Gel by NatureBliss,740,VivaNaturals,https://example.com/image_882.jpg,5
883,Nourishing Lip Balm by GlowCo,359,NatureBliss,https://example.com/image_883.jpg,4
884,Cleansing Lip Balm by ZenCare,828,NatureBliss,https://example.com/image_884.jpg,5
885,Cleansing Hand Sanitizer by NatureBliss,599,SkinLux,https://example.com/image_885.jpg,4
886,Moisturizing Lip Balm by AuraGlow,825,FreshCare,https://example.com/image_886.jpg,2
887,Anti-Aging Face Wash by SkinLux,311,RadiantLife,https://example.com/image_887.jpg,3
888,Moisturizing Deodorant by VivaNaturals,291,AuraGlow,https://example.com/image_888.jpg,4
889,Cleansing Face Wash by GlowCo,978,PureEssence,https://example.com/image_889.jpg,4
890,Organic Hair Gel by RadiantLife,689,,https://example.com/image_890.jpg,5
891,Revitalizing Face Wash by AuraGlow,230,NatureBliss,https://example.com/image_891.jpg,4
892,Hydrating Lip Balm by GlowCo,144,NatureBliss,https://example.com/image_892.jpg,1
893,Refreshing Body Lotion by EcoBeauty,536,RadiantLife,https://example.com/image_893.jpg,2
894,Revitalizing Shampoo by PureEssence,200,ZenCare,https://example.com/image_894.jpg,4
895,Softening Hand Sanitizer by NatureBliss,258,VivaNaturals,https://example.com/image_895.jpg,3
896,Softening Shampoo by EcoBeauty,100,GlowCo,https://example.com/image_896.jpg,5
897,Softening Face Wash by FreshCare,265,RadiantLife,https://example.com/image_897.jpg,2
898,Organic Hand Sanitizer by VivaNaturals,865,FreshCare,https://example.com/image_898.jpg,2
899,Hydrating Body Lotion by EcoBeauty,831,,https://example.com/image_899.jpg,4
900,Anti-Aging Deodorant by PureEssence,666,,https://example.com/image_900.jpg,5
901,Nourishing Perfume by VivaNaturals,259,RadiantLife,https://example.com/image_901.jpg,4
902,Cleansing Sunscreen by EcoBeauty,733,PureEssence,https://example.com/image_902.jpg,1
903,Softening Perfume by RadiantLife,217,,https://example.com/image_903.jpg,2
904,Brightening Deodorant by EcoBeauty,298,SkinLux,https://example.com/image_904.jpg,1
905,Brightening Body Lotion by RadiantLife,865,FreshCare,https://example.com/image_905.jpg,2
906,Revitalizing Sunscreen by NatureBliss,332,AuraGlow,https://example.com/image_906.jpg,2
907,Organic Hair Gel by NatureBliss,173,ZenCare,https://example.com/image_907.jpg,1
908,Refreshing Sunscreen by NatureBliss,704,VivaNaturals,https://example.com/image_908.jpg,1
909,Revitalizing Shampoo by NatureBliss,812,EcoBeauty,https://example.com/image_909.jpg,1
910,Nourishing Face Wash by VivaNaturals,592,VivaNaturals,https://example.com/image_910.jpg,2
911,Moisturizing Face Wash by SkinLux,579,,https://example.com/image_911.jpg,3
912,Organic Conditioner by GlowCo,901,PureEssence,https://example.com/image_912.jpg,3
913,Nourishing Perfume by NatureBliss,920,SkinLux,https://example.com/image_913.jpg,5
914,Moisturizing Face Wash by SkinLux,961,PureEssence,https://example.com/image_914.jpg,2
915,Cleansing Face Wash by NatureBliss,857,RadiantLife,https://example.com/image_915.jpg,5
916,Softening Conditioner by FreshCare,51,FreshCare,https://example.com/image_916.jpg,2
917,Cleansing Perfume by PureEssence,799,RadiantLife,https://example.com/image_917.jpg,5
918,Hydrating Perfume by PureEssence,904,SkinLux,https://example.com/image_918.jpg,4
919,Anti-Aging Lip Balm by FreshCare,231,NatureBliss,https://example.com/image_919.jpg,5
920,Revitalizing Face Wash by PureEssence,85,AuraGlow,https://example.com/image_920.jpg,3
921,Organic Shampoo by NatureBliss,979,,https://example.com/image_921.jpg,2
922,Refreshing Lip Balm by VivaNaturals,677,AuraGlow,https://example.com/image_922.jpg,2
923,Anti-Aging Deodorant by AuraGlow,93,GlowCo,https://example.com/image_923.jpg,4
924,Hydrating Sunscreen by RadiantLife,949,SkinLux,https://example.com/image_924.jpg,4
925,Hydrating Hair Gel by RadiantLife,441,RadiantLife,https://example.com/image_925.jpg,1
926,Revitalizing Perfume by RadiantLife,548,GlowCo,https://example.com/image_926.jpg,1
927,Cleansing Shampoo by EcoBeauty,864,RadiantLife,https://example.com/image_927.jpg,2
928,Revitalizing Deodorant by SkinLux,306,,https://example.com/image_928.jpg,4
929,Revitalizing Face Wash by FreshCare,271,ZenCare,https://example.com/image_929.jpg,2
930,Softening Hair Gel by EcoBeauty,702,,https://example.com/image_930.jpg,3
931,Anti-Aging Hand Sanitizer by GlowCo,355,,https://example.com/image_931.jpg,2
932,Brightening Deodorant by SkinLux,583,PureEssence,https://example.com/image_932.jpg,2
933,Hydrating Perfume by FreshCare,235,RadiantLife,https://example.com/image_933.jpg,5
934,Cleansing Shampoo by PureEssence,416,EcoBeauty,https://example.com/image_934.jpg,5
935,Nourishing Hand Sanitizer by PureEssence,694,NatureBliss,https://example.com/image_935.jpg,1
936,Organic Face Wash by NatureBliss,659,FreshCare,https://example.com/image_936.jpg,5
937,Nourishing Deodorant by AuraGlow,595,PureEssence,https://example.com/image_937.jpg,2
938,Anti-Aging Body Lotion by EcoBeauty,417,RadiantLife,https://example.com/image_938.jpg,5
939,Anti-Aging Body Lotion by AuraGlow,328,VivaNaturals,https://example.com/image_939.jpg,2
940,Brightening Face Wash by AuraGlow,658,ZenCare,https://example.com/image_940.jpg,5
941,Moisturizing Sunscreen by ZenCare,564,AuraGlow,https://example.com/image_941.jpg,3
942,Moisturizing Hair Gel by GlowCo,285,ZenCare,https://example.com/image_942.jpg,3
943,Nourishing Perfume by VivaNaturals,493,PureEssence,https://example.com/image_943.jpg,3
944,Revitalizing Conditioner by PureEssence,712,RadiantLife,https://example.com/image_944.jpg,3
945,Softening Face Wash by RadiantLife,117,ZenCare,https://example.com/image_945.jpg,3
946,Nourishing Body Lotion by FreshCare,877,NatureBliss,https://example.com/image_946.jpg,4
947,Softening Conditioner by PureEssence,481,RadiantLife,https://example.com/image_947.jpg,4
948,Cleansing Perfume by VivaNaturals,267,RadiantLife,https://example.com/image_948.jpg,3
949,Moisturizing Shampoo by FreshCare,336,FreshCare,https://example.com/image_949.jpg,2
950,Cleansing Perfume by EcoBeauty,35,GlowCo,https://example.com/image_950.jpg,4
951,Organic Perfume by GlowCo,533,ZenCare,https://example.com/image_951.jpg,1
952,Revitalizing Face Wash by EcoBeauty,388,,https://example.com/image_952.jpg,1
953,Revitalizing Deodorant by VivaNaturals,618,VivaNaturals,https://example.com/image_953.jpg,4
954,Cleansing Conditioner by ZenCare,445,NatureBliss,https://example.com/image_954.jpg,1
955,Moisturizing Deodorant by PureEssence,630,,https://example.com/image_955.jpg,5
956,Nourishing Conditioner by AuraGlow,208,,https://example.com/image_956.jpg,5
957,Anti-Aging Deodorant by FreshCare,862,VivaNaturals,https://example.com/image_957.jpg,5
958,Brightening Shampoo by EcoBeauty,344,,https://example.com/image_958.jpg,2
959,Cleansing Lip Balm by PureEssence,374,SkinLux,https://example.com/image_959.jpg,4
960,Moisturizing Shampoo by RadiantLife,767,GlowCo,https://example.com/image_960.jpg,1
961,Moisturizing Perfume by FreshCare,790,,https://example.com/image_961.jpg,2
962,Softening Hair Gel by PureEssence,773,PureEssence,https://example.com/image_962.jpg,4
963,Cleansing Lip Balm by EcoBeauty,444,ZenCare,https://example.com/image_963.jpg,1
964,Revitalizing Sunscreen by GlowCo,527,RadiantLife,https://example.com/image_964.jpg,3
965,Hydrating Hand Sanitizer by EcoBeauty,433,RadiantLife,https://example.com/image_965.jpg,1
966,Softening Sunscreen by RadiantLife,355,ZenCare,https://example.com/image_966.jpg,4
967,Softening Deodorant by SkinLux,516,ZenCare,https://example.com/image_967.jpg,2
968,Hydrating Sunscreen by ZenCare,229,AuraGlow,https://example.com/image_968.jpg,5
969,Refreshing Sunscreen by EcoBeauty,549,SkinLux,https://example.com/image_969.jpg,3
970,Softening Sunscreen by PureEssence,427,GlowCo,https://example.com/image_970.jpg,1
971,Revitalizing Shampoo by RadiantLife,179,FreshCare,https://example.com/image_971.jpg,1
972,Refreshing Deodorant by NatureBliss,972,NatureBliss,https://example.com/image_972.jpg,5
973,Refreshing Deodorant by EcoBeauty,325,PureEssence,https://example.com/image_973.jpg,3
974,Refreshing Deodorant by EcoBeauty,165,AuraGlow,https://example.com/image_974.jpg,5
975,Anti-Aging Shampoo by ZenCare,958,EcoBeauty,https://example.com/image_975.jpg,2
976,Anti-Aging Sunscreen by RadiantLife,419,ZenCare,https://example.com/image_976.jpg,1
977,Moisturizing Perfume by FreshCare,941,ZenCare,https://example.com/image_977.jpg,2
978,Brightening Body Lotion by GlowCo,721,,https://example.com/image_978.jpg,4
979,Refreshing Face Wash by PureEssence,925,NatureBliss,https://example.com/image_979.jpg,2
980,Refreshing Body Lotion by NatureBliss,640,SkinLux,https://example.com/image_980.jpg,5
981,Cleansing Face Wash by ZenCare,401,RadiantLife,https://example.com/image_981.jpg,4
982,Revitalizing Hair Gel by NatureBliss,411,EcoBeauty,https://example.com/image_982.jpg,3
983,Moisturizing Hand Sanitizer by PureEssence,440,PureEssence,https://example.com/image_983.jpg,1
984,Organic Conditioner by NatureBliss,8,FreshCare,https://example.com/image_984.jpg,5
985,Anti-Aging Lip Balm by AuraGlow,135,FreshCare,https://example.com/image_985.jpg,3
986,Organic Sunscreen by NatureBliss,951,GlowCo,https://example.com/image_986.jpg,5
987,Moisturizing Deodorant by FreshCare,40,AuraGlow,https://example.com/image_987.jpg,4
988,Revitalizing Lip Balm by ZenCare,779,RadiantLife,https://example.com/image_988.jpg,5
989,Softening Deodorant by RadiantLife,968,FreshCare,https://example.com/image_989.jpg,1
990,Refreshing Sunscreen by NatureBliss,826,VivaNaturals,https://example.com/image_990.jpg,1
991,Refreshing Deodorant by PureEssence,546,AuraGlow,https://example.com/image_991.jpg,2
992,Cleansing Perfume by RadiantLife,91,PureEssence,https://example.com/image_992.jpg,2
993,Brightening Conditioner by ZenCare,447,AuraGlow,https://example.com/image_993.jpg,5
994,Anti-Aging Sunscreen by VivaNaturals,268,PureEssence,https://example.com/image_994.jpg,2
995,Cleansing Body Lotion by ZenCare,368,,https://example.com/image_995.jpg,3
996,Cleansing Deodorant by RadiantLife,565,AuraGlow,https://example.com/image_996.jpg,5
997,Moisturizing Hair Gel by SkinLux,155,GlowCo,https://example.com/image_997.jpg,5
998,Revitalizing Perfume by SkinLux,686,,https://example.com/image_998.jpg,4
999,Anti-Aging Hair Gel by RadiantLife,870,NatureBliss,https://example.com/image_999.jpg,2
1000,Moisturizing Perfume by VivaNaturals,524,,https://example.com/image_1000.jpg,2
